订单交易时间,订单编号,订单来源,用户ID,会员,首次下单用户,性别,品类,商品单价,购买数量,活动优惠,换货,退货,已评价
2023-01-01 00:00:00,O00000001,直播下单,U01961,否,否,男,服饰,51,1,是,0,1,1
2023-01-01 00:00:00,O00000002,直播下单,U00482,否,否,女,服饰,100,1,否,0,0,0
2023-01-01 00:00:00,O00000003,店铺下单,U00316,否,否,女,家居,60,1,是,0,0,1
2023-01-01 00:00:00,O00000004,直播下单,U01638,是,否,女,数码,156,1,否,0,0,0
2023-01-01 00:00:00,O00000005,店铺下单,U00554,否,是,女,食品,52,3,否,0,0,1
2023-01-01 00:00:00,O00000006,直播下单,U01763,是,否,女,食品,154,1,否,0,0,1
2023-01-01 00:00:00,O00000007,直播下单,U00856,是,否,女,食品,114,1,否,0,0,1
2023-01-01 00:00:00,O00000008,直播下单,U00403,否,否,男,家居,174,1,是,1,0,0
2023-01-01 00:00:00,O00000009,店铺下单,U01924,是,否,女,数码,80,1,否,0,0,1
2023-01-01 00:00:00,O00000010,店铺下单,U01833,否,是,女,家居,119,3,是,0,0,1
2023-01-01 00:00:00,O00000011,直播下单,U00321,否,是,女,数码,194,2,是,0,0,1
2023-01-01 00:00:00,O00000012,直播下单,U01083,否,否,男,服饰,81,1,否,0,0,1
2023-01-01 00:00:00,O00000013,店铺下单,U00237,否,否,男,数码,172,1,否,0,0,0
2023-01-01 00:00:00,O00000014,店铺下单,U01658,否,否,女,家居,186,1,否,0,0,1
2023-01-01 00:00:00,O00000015,店铺下单,U00330,是,否,女,家居,112,1,是,0,0,1
2023-01-02 00:00:00,O00000016,直播下单,U00741,否,否,男,家居,149,4,是,0,0,1
2023-01-02 00:00:00,O00000017,直播下单,U00857,否,否,女,服饰,76,1,否,0,0,1
2023-01-02 00:00:00,O00000018,直播下单,U00683,否,否,女,服饰,175,2,否,0,0,0
2023-01-02 00:00:00,O00000019,直播下单,U01028,是,是,男,数码,129,1,否,0,0,1
2023-01-02 00:00:00,O00000020,直播下单,U00772,否,否,男,服饰,131,2,否,0,0,1
2023-01-02 00:00:00,O00000021,店铺下单,U00853,是,否,女,服饰,158,1,是,0,0,1
2023-01-02 00:00:00,O00000022,店铺下单,U00605,是,是,男,数码,177,1,是,0,0,1
2023-01-02 00:00:00,O00000023,直播下单,U01136,是,否,男,数码,78,1,是,0,0,1
2023-01-02 00:00:00,O00000024,直播下单,U01096,否,否,男,食品,78,1,否,0,0,1
2023-01-02 00:00:00,O00000025,直播下单,U00774,否,否,女,服饰,82,1,是,0,0,1
2023-01-02 00:00:00,O00000026,直播下单,U01631,是,否,女,服饰,140,3,是,0,0,1
2023-01-02 00:00:00,O00000027,直播下单,U01505,否,是,女,食品,191,1,是,0,0,0
2023-01-02 00:00:00,O00000028,直播下单,U00060,否,否,女,数码,48,1,是,0,0,0
2023-01-02 00:00:00,O00000029,直播下单,U00760,否,否,男,服饰,47,1,是,0,0,0
2023-01-02 00:00:00,O00000030,直播下单,U00685,是,否,女,服饰,88,1,是,0,0,1
2023-01-02 00:00:00,O00000031,店铺下单,U01020,否,是,女,家居,123,1,否,0,0,0
2023-01-02 00:00:00,O00000032,直播下单,U00856,否,否,女,食品,99,1,否,0,0,1
2023-01-02 00:00:00,O00000033,店铺下单,U00221,否,是,男,家居,78,1,是,0,0,1
2023-01-02 00:00:00,O00000034,店铺下单,U00295,否,否,女,服饰,195,1,否,0,0,1
2023-01-02 00:00:00,O00000035,店铺下单,U01700,是,否,男,服饰,194,1,是,0,0,1
2023-01-03 00:00:00,O00000036,店铺下单,U00554,是,否,女,食品,186,1,否,0,0,1
2023-01-03 00:00:00,O00000037,店铺下单,U00272,是,否,女,数码,100,1,是,0,0,1
2023-01-03 00:00:00,O00000038,直播下单,U01318,是,否,女,家居,152,2,否,0,0,1
2023-01-03 00:00:00,O00000039,店铺下单,U00137,是,否,女,家居,94,1,是,0,0,1
2023-01-03 00:00:00,O00000040,店铺下单,U01420,否,否,男,服饰,128,1,是,0,0,1
2023-01-03 00:00:00,O00000041,店铺下单,U00519,否,否,男,服饰,147,1,是,0,0,1
2023-01-03 00:00:00,O00000042,直播下单,U01484,否,否,女,数码,53,1,否,0,0,1
2023-01-03 00:00:00,O00000043,店铺下单,U00360,否,否,女,数码,180,4,否,0,0,0
2023-01-03 00:00:00,O00000044,直播下单,U01493,否,是,女,数码,160,1,是,0,0,0
2023-01-03 00:00:00,O00000045,直播下单,U00276,否,否,男,数码,44,1,否,0,0,0
2023-01-03 00:00:00,O00000046,店铺下单,U01732,否,否,女,数码,44,1,否,0,0,1
2023-01-03 00:00:00,O00000047,店铺下单,U00572,否,否,女,家居,113,1,否,0,0,1
2023-01-03 00:00:00,O00000048,直播下单,U01307,是,否,男,家居,46,2,是,0,0,1
2023-01-03 00:00:00,O00000049,直播下单,U01704,是,否,男,家居,159,1,是,0,0,1
2023-01-04 00:00:00,O00000050,店铺下单,U01717,是,否,女,服饰,67,1,否,0,0,1
2023-01-04 00:00:00,O00000051,直播下单,U00714,否,是,女,食品,154,1,是,0,0,0
2023-01-04 00:00:00,O00000052,店铺下单,U00944,是,否,男,服饰,187,1,是,0,1,0
2023-01-04 00:00:00,O00000053,店铺下单,U00427,是,否,男,服饰,155,1,否,0,0,1
2023-01-04 00:00:00,O00000054,直播下单,U00396,是,否,男,家居,74,1,否,0,0,1
2023-01-04 00:00:00,O00000055,直播下单,U00309,是,是,女,数码,83,2,是,0,0,1
2023-01-04 00:00:00,O00000056,店铺下单,U01344,是,否,女,数码,54,1,否,1,1,1
2023-01-04 00:00:00,O00000057,店铺下单,U01525,是,否,女,家居,124,1,否,0,0,0
2023-01-05 00:00:00,O00000058,店铺下单,U01406,是,否,女,食品,41,1,否,0,0,1
2023-01-05 00:00:00,O00000059,店铺下单,U00350,是,否,男,数码,152,1,否,0,0,1
2023-01-05 00:00:00,O00000060,直播下单,U01485,是,否,男,数码,104,1,否,0,0,1
2023-01-05 00:00:00,O00000061,直播下单,U01125,否,否,男,服饰,189,1,否,0,0,1
2023-01-05 00:00:00,O00000062,直播下单,U01050,是,否,女,食品,187,2,是,0,0,0
2023-01-06 00:00:00,O00000063,直播下单,U01965,否,否,女,食品,189,1,否,0,0,1
2023-01-06 00:00:00,O00000064,直播下单,U00799,是,否,男,服饰,87,1,是,0,0,0
2023-01-06 00:00:00,O00000065,直播下单,U00318,否,是,女,家居,47,2,是,0,0,0
2023-01-06 00:00:00,O00000066,店铺下单,U01613,否,否,男,食品,63,3,否,0,0,1
2023-01-07 00:00:00,O00000067,直播下单,U00148,否,否,女,数码,186,1,是,0,0,0
2023-01-07 00:00:00,O00000068,直播下单,U00110,是,否,女,食品,53,1,是,0,0,1
2023-01-07 00:00:00,O00000069,直播下单,U01284,否,否,女,服饰,161,2,否,0,0,1
2023-01-07 00:00:00,O00000070,直播下单,U00376,否,是,女,食品,85,1,是,0,0,1
2023-01-07 00:00:00,O00000071,直播下单,U01414,否,否,女,数码,78,1,是,1,0,0
2023-01-07 00:00:00,O00000072,店铺下单,U01080,否,否,女,数码,107,1,否,0,0,1
2023-01-07 00:00:00,O00000073,直播下单,U00822,否,否,男,服饰,121,1,否,0,0,1
2023-01-07 00:00:00,O00000074,直播下单,U00343,否,否,女,数码,103,2,否,0,0,0
2023-01-07 00:00:00,O00000075,店铺下单,U01429,否,否,男,数码,81,1,是,0,0,1
2023-01-08 00:00:00,O00000076,店铺下单,U00428,否,是,女,家居,112,1,否,0,0,0
2023-01-08 00:00:00,O00000077,直播下单,U01921,否,否,男,服饰,144,1,是,0,0,1
2023-01-08 00:00:00,O00000078,店铺下单,U00398,是,是,女,服饰,129,2,否,0,0,0
2023-01-08 00:00:00,O00000079,店铺下单,U00031,否,否,女,家居,91,1,是,0,1,0
2023-01-08 00:00:00,O00000080,店铺下单,U00896,否,否,男,数码,53,1,否,0,0,0
2023-01-08 00:00:00,O00000081,店铺下单,U01756,否,是,女,家居,88,1,否,0,0,1
2023-01-08 00:00:00,O00000082,直播下单,U00009,否,是,男,食品,173,1,是,0,0,1
2023-01-08 00:00:00,O00000083,店铺下单,U00490,否,是,男,数码,167,1,是,0,0,1
2023-01-08 00:00:00,O00000084,直播下单,U00480,否,否,男,数码,112,2,是,0,0,1
2023-01-08 00:00:00,O00000085,店铺下单,U01404,是,否,男,数码,133,1,是,1,0,1
2023-01-08 00:00:00,O00000086,店铺下单,U01964,否,是,女,食品,106,1,否,0,0,1
2023-01-08 00:00:00,O00000087,店铺下单,U00326,否,否,男,数码,134,2,否,0,0,0
2023-01-08 00:00:00,O00000088,店铺下单,U01139,否,是,男,家居,95,1,否,0,0,1
2023-01-09 00:00:00,O00000089,店铺下单,U00931,否,否,男,家居,116,1,是,0,0,1
2023-01-09 00:00:00,O00000090,直播下单,U00361,否,否,男,服饰,70,1,是,0,0,1
2023-01-09 00:00:00,O00000091,直播下单,U01192,否,否,男,食品,129,1,否,0,0,1
2023-01-09 00:00:00,O00000092,直播下单,U01698,否,是,男,数码,41,1,否,0,0,0
2023-01-09 00:00:00,O00000093,店铺下单,U01928,否,是,男,数码,132,1,否,0,0,0
2023-01-09 00:00:00,O00000094,店铺下单,U00438,否,否,男,数码,66,1,否,0,0,1
2023-01-09 00:00:00,O00000095,直播下单,U00352,否,是,男,家居,198,1,否,0,0,1
2023-01-09 00:00:00,O00000096,店铺下单,U00472,否,是,女,数码,150,1,是,0,0,1
2023-01-09 00:00:00,O00000097,店铺下单,U01706,否,否,女,服饰,196,1,是,0,0,1
2023-01-09 00:00:00,O00000098,直播下单,U00255,否,否,女,服饰,194,1,否,0,0,1
2023-01-09 00:00:00,O00000099,直播下单,U01681,是,否,男,家居,87,1,否,0,0,0
2023-01-09 00:00:00,O00000100,店铺下单,U00686,否,否,女,食品,187,1,否,0,0,1
2023-01-09 00:00:00,O00000101,店铺下单,U01485,是,否,男,数码,127,1,否,0,0,1
2023-01-09 00:00:00,O00000102,直播下单,U01679,否,否,女,食品,184,1,是,0,0,0
2023-01-09 00:00:00,O00000103,店铺下单,U01549,是,否,女,食品,72,1,否,0,0,1
2023-01-10 00:00:00,O00000104,直播下单,U01985,是,否,男,服饰,182,1,是,0,0,1
2023-01-10 00:00:00,O00000105,直播下单,U00425,否,否,女,服饰,77,1,是,0,0,0
2023-01-10 00:00:00,O00000106,直播下单,U01027,否,否,女,食品,49,2,否,0,0,1
2023-01-10 00:00:00,O00000107,店铺下单,U00027,否,否,男,食品,151,4,是,0,0,1
2023-01-10 00:00:00,O00000108,店铺下单,U01374,是,是,男,食品,55,1,否,1,0,0
2023-01-10 00:00:00,O00000109,店铺下单,U00660,否,否,女,服饰,187,1,是,0,0,1
2023-01-10 00:00:00,O00000110,直播下单,U00729,否,是,女,家居,67,1,是,0,0,1
2023-01-11 00:00:00,O00000111,直播下单,U00926,否,否,男,服饰,74,1,否,1,0,1
2023-01-11 00:00:00,O00000112,店铺下单,U01550,是,否,女,数码,160,1,是,0,0,1
2023-01-11 00:00:00,O00000113,直播下单,U01642,否,否,女,家居,125,2,是,0,0,1
2023-01-11 00:00:00,O00000114,直播下单,U01254,是,是,男,家居,173,1,是,0,0,1
2023-01-11 00:00:00,O00000115,店铺下单,U00258,否,是,男,食品,123,1,否,0,0,1
2023-01-11 00:00:00,O00000116,店铺下单,U01235,否,否,女,数码,153,1,否,0,0,1
2023-01-11 00:00:00,O00000117,店铺下单,U00180,否,是,男,家居,49,1,否,0,0,1
2023-01-11 00:00:00,O00000118,直播下单,U00871,是,否,男,服饰,166,1,是,0,1,1
2023-01-11 00:00:00,O00000119,直播下单,U00730,否,否,男,服饰,120,1,否,0,0,1
2023-01-11 00:00:00,O00000120,直播下单,U00585,是,否,女,数码,121,1,否,0,0,0
2023-01-11 00:00:00,O00000121,直播下单,U00680,否,否,女,服饰,152,1,否,0,0,1
2023-01-11 00:00:00,O00000122,店铺下单,U00210,否,否,女,食品,169,1,否,0,0,1
2023-01-11 00:00:00,O00000123,店铺下单,U00433,否,否,女,数码,139,3,是,0,0,0
2023-01-12 00:00:00,O00000124,店铺下单,U01135,否,是,男,家居,91,2,否,0,0,1
2023-01-12 00:00:00,O00000125,直播下单,U01631,是,否,女,食品,185,1,是,0,0,1
2023-01-12 00:00:00,O00000126,直播下单,U00457,否,否,男,食品,120,1,是,0,0,1
2023-01-12 00:00:00,O00000127,店铺下单,U01515,否,否,女,服饰,65,1,是,0,0,1
2023-01-12 00:00:00,O00000128,直播下单,U01684,否,否,女,家居,136,1,是,0,0,1
2023-01-12 00:00:00,O00000129,店铺下单,U00097,否,是,女,服饰,138,1,是,0,0,1
2023-01-12 00:00:00,O00000130,店铺下单,U01367,否,是,男,数码,145,1,否,0,0,0
2023-01-12 00:00:00,O00000131,直播下单,U01852,否,否,女,数码,58,1,否,0,0,1
2023-01-13 00:00:00,O00000132,店铺下单,U00371,否,否,女,食品,133,1,否,0,0,1
2023-01-13 00:00:00,O00000133,直播下单,U01695,是,是,男,家居,90,1,否,0,0,1
2023-01-13 00:00:00,O00000134,直播下单,U00239,否,否,女,数码,81,1,否,0,0,1
2023-01-13 00:00:00,O00000135,直播下单,U00935,是,否,男,食品,149,1,否,0,0,1
2023-01-13 00:00:00,O00000136,直播下单,U01736,是,否,女,食品,190,1,否,0,0,1
2023-01-13 00:00:00,O00000137,店铺下单,U01084,是,否,女,食品,132,1,否,0,0,1
2023-01-14 00:00:00,O00000138,直播下单,U00259,是,是,男,服饰,60,2,否,0,0,1
2023-01-14 00:00:00,O00000139,店铺下单,U01472,否,否,男,服饰,121,1,是,1,0,1
2023-01-14 00:00:00,O00000140,店铺下单,U01211,是,否,女,服饰,175,2,是,0,0,1
2023-01-14 00:00:00,O00000141,直播下单,U01373,是,是,女,食品,156,1,否,0,0,1
2023-01-14 00:00:00,O00000142,直播下单,U01236,否,否,女,服饰,130,1,是,0,0,1
2023-01-14 00:00:00,O00000143,店铺下单,U01137,否,否,女,数码,111,1,否,0,0,1
2023-01-14 00:00:00,O00000144,直播下单,U01178,是,否,男,食品,75,1,是,0,0,1
2023-01-14 00:00:00,O00000145,店铺下单,U01559,否,否,女,数码,81,1,是,0,0,1
2023-01-15 00:00:00,O00000146,店铺下单,U00610,是,是,男,家居,60,1,否,0,0,0
2023-01-15 00:00:00,O00000147,店铺下单,U01312,否,否,女,食品,139,1,否,0,0,1
2023-01-15 00:00:00,O00000148,直播下单,U00533,否,否,女,服饰,132,1,否,0,0,0
2023-01-15 00:00:00,O00000149,店铺下单,U01516,是,否,男,食品,131,1,是,0,0,0
2023-01-15 00:00:00,O00000150,店铺下单,U01148,是,否,女,数码,54,2,否,0,0,1
2023-01-15 00:00:00,O00000151,店铺下单,U01933,是,否,男,家居,178,1,否,0,0,1
2023-01-15 00:00:00,O00000152,店铺下单,U00518,否,是,男,数码,45,2,否,0,0,1
2023-01-15 00:00:00,O00000153,店铺下单,U01907,是,是,男,家居,156,1,否,0,0,1
2023-01-15 00:00:00,O00000154,店铺下单,U00600,否,否,女,服饰,102,1,否,0,0,1
2023-01-16 00:00:00,O00000155,店铺下单,U00183,否,否,男,数码,134,1,是,0,0,1
2023-01-16 00:00:00,O00000156,店铺下单,U01450,否,否,女,服饰,151,1,否,0,0,1
2023-01-16 00:00:00,O00000157,店铺下单,U00532,否,是,男,家居,188,2,是,0,0,1
2023-01-16 00:00:00,O00000158,店铺下单,U01764,是,是,女,食品,57,1,否,0,0,1
2023-01-16 00:00:00,O00000159,直播下单,U01076,是,否,男,食品,87,1,否,0,0,0
2023-01-16 00:00:00,O00000160,直播下单,U01905,否,否,女,服饰,192,4,是,0,0,1
2023-01-16 00:00:00,O00000161,店铺下单,U01237,否,否,女,食品,165,1,是,0,0,1
2023-01-16 00:00:00,O00000162,直播下单,U01466,否,否,女,家居,137,1,是,0,0,1
2023-01-17 00:00:00,O00000163,直播下单,U01926,是,是,女,服饰,96,1,否,0,0,1
2023-01-17 00:00:00,O00000164,直播下单,U01002,是,否,男,食品,169,1,否,0,0,1
2023-01-17 00:00:00,O00000165,店铺下单,U00174,否,否,男,食品,45,1,否,0,0,0
2023-01-17 00:00:00,O00000166,直播下单,U00425,否,否,男,数码,95,1,是,0,0,1
2023-01-17 00:00:00,O00000167,直播下单,U00644,是,是,女,食品,80,3,是,0,0,1
2023-01-17 00:00:00,O00000168,店铺下单,U00519,是,是,男,数码,168,1,是,0,0,1
2023-01-17 00:00:00,O00000169,直播下单,U01599,是,是,男,食品,119,1,是,0,0,1
2023-01-17 00:00:00,O00000170,直播下单,U00688,是,否,男,数码,79,1,否,0,0,1
2023-01-17 00:00:00,O00000171,直播下单,U00008,否,否,男,服饰,44,1,否,0,0,1
2023-01-18 00:00:00,O00000172,店铺下单,U01903,否,是,男,家居,40,3,是,0,0,1
2023-01-18 00:00:00,O00000173,店铺下单,U00920,否,否,女,数码,133,1,否,0,0,1
2023-01-18 00:00:00,O00000174,店铺下单,U00740,否,否,男,食品,157,2,是,0,0,0
2023-01-18 00:00:00,O00000175,直播下单,U00478,是,是,男,服饰,70,1,否,0,0,1
2023-01-18 00:00:00,O00000176,店铺下单,U01026,否,否,男,服饰,194,1,否,0,0,0
2023-01-18 00:00:00,O00000177,店铺下单,U01051,否,是,女,服饰,95,3,否,0,0,0
2023-01-18 00:00:00,O00000178,店铺下单,U01032,是,是,女,家居,73,1,是,0,0,1
2023-01-18 00:00:00,O00000179,直播下单,U00151,是,否,女,服饰,84,1,是,0,0,1
2023-01-18 00:00:00,O00000180,直播下单,U00614,否,否,女,家居,186,3,否,0,0,1
2023-01-18 00:00:00,O00000181,店铺下单,U01681,是,否,男,食品,146,1,否,0,0,1
2023-01-18 00:00:00,O00000182,店铺下单,U01607,是,否,男,家居,193,1,否,0,0,0
2023-01-18 00:00:00,O00000183,直播下单,U01507,是,否,男,食品,77,2,是,0,1,1
2023-01-18 00:00:00,O00000184,直播下单,U00308,否,否,女,服饰,128,1,是,0,0,1
2023-01-19 00:00:00,O00000185,直播下单,U01716,否,否,男,服饰,180,1,是,0,0,1
2023-01-19 00:00:00,O00000186,直播下单,U01470,是,否,男,数码,54,1,是,0,0,1
2023-01-19 00:00:00,O00000187,店铺下单,U00076,否,否,男,数码,81,1,否,0,0,1
2023-01-19 00:00:00,O00000188,直播下单,U01045,否,否,男,家居,131,2,否,0,0,1
2023-01-19 00:00:00,O00000189,店铺下单,U01326,否,否,女,家居,66,2,否,0,0,1
2023-01-19 00:00:00,O00000190,直播下单,U01690,否,否,女,食品,42,1,是,0,0,1
2023-01-19 00:00:00,O00000191,店铺下单,U00752,否,否,男,数码,185,1,否,0,0,1
2023-01-19 00:00:00,O00000192,直播下单,U00801,否,否,男,食品,100,2,是,0,0,1
2023-01-19 00:00:00,O00000193,店铺下单,U00423,否,否,男,家居,93,1,是,0,0,0
2023-01-19 00:00:00,O00000194,店铺下单,U01821,否,是,男,服饰,40,1,否,0,0,1
2023-01-20 00:00:00,O00000195,直播下单,U01459,否,否,女,服饰,141,1,否,0,0,1
2023-01-20 00:00:00,O00000196,直播下单,U00513,是,否,女,家居,123,1,否,0,0,0
2023-01-20 00:00:00,O00000197,直播下单,U01168,否,是,女,服饰,73,1,是,0,0,1
2023-01-20 00:00:00,O00000198,直播下单,U01613,否,是,女,服饰,75,1,是,0,0,1
2023-01-20 00:00:00,O00000199,店铺下单,U01891,否,否,男,服饰,64,1,否,0,0,0
2023-01-20 00:00:00,O00000200,店铺下单,U00470,否,是,男,服饰,164,1,是,0,0,1
2023-01-20 00:00:00,O00000201,直播下单,U00580,否,否,男,数码,44,1,否,1,0,1
2023-01-20 00:00:00,O00000202,店铺下单,U00649,否,否,男,服饰,127,1,是,0,0,0
2023-01-20 00:00:00,O00000203,店铺下单,U00637,否,否,女,家居,76,1,是,0,0,1
2023-01-20 00:00:00,O00000204,直播下单,U00213,是,否,男,食品,108,1,是,0,0,1
2023-01-20 00:00:00,O00000205,直播下单,U01212,是,否,男,家居,140,1,否,0,0,1
2023-01-20 00:00:00,O00000206,店铺下单,U00523,否,是,男,家居,50,1,是,0,0,1
2023-01-20 00:00:00,O00000207,直播下单,U01664,是,否,女,食品,195,1,否,0,0,1
2023-01-20 00:00:00,O00000208,直播下单,U01381,否,否,男,家居,44,1,是,0,0,0
2023-01-20 00:00:00,O00000209,店铺下单,U01211,是,是,女,数码,152,1,否,0,0,1
2023-01-21 00:00:00,O00000210,直播下单,U00849,是,是,男,食品,61,1,否,0,0,1
2023-01-21 00:00:00,O00000211,直播下单,U00124,否,是,男,数码,105,1,是,0,0,0
2023-01-21 00:00:00,O00000212,直播下单,U01485,否,是,女,服饰,59,1,否,0,0,0
2023-01-21 00:00:00,O00000213,直播下单,U00741,是,否,女,数码,176,4,否,0,0,0
2023-01-21 00:00:00,O00000214,店铺下单,U00947,否,否,女,食品,93,2,否,0,0,1
2023-01-21 00:00:00,O00000215,直播下单,U01449,否,否,女,数码,196,1,否,0,0,1
2023-01-21 00:00:00,O00000216,直播下单,U00695,是,否,男,服饰,43,1,否,0,0,1
2023-01-22 00:00:00,O00000217,店铺下单,U01783,是,否,女,服饰,156,4,否,0,0,1
2023-01-22 00:00:00,O00000218,直播下单,U00485,否,否,男,数码,159,1,是,0,0,1
2023-01-22 00:00:00,O00000219,直播下单,U00045,是,否,男,数码,40,1,否,0,0,0
2023-01-22 00:00:00,O00000220,直播下单,U01705,是,否,男,服饰,75,3,否,0,0,1
2023-01-22 00:00:00,O00000221,店铺下单,U01734,是,是,女,服饰,75,1,否,0,0,1
2023-01-22 00:00:00,O00000222,店铺下单,U00920,否,否,男,家居,146,1,否,0,0,1
2023-01-22 00:00:00,O00000223,店铺下单,U00586,否,否,女,家居,149,1,否,0,0,0
2023-01-22 00:00:00,O00000224,直播下单,U01442,否,否,男,服饰,111,1,否,0,0,1
2023-01-22 00:00:00,O00000225,店铺下单,U01212,否,否,女,家居,127,1,否,0,0,1
2023-01-22 00:00:00,O00000226,直播下单,U00568,否,否,男,家居,175,1,是,0,0,1
2023-01-22 00:00:00,O00000227,直播下单,U01151,否,否,女,数码,170,1,否,0,0,1
2023-01-22 00:00:00,O00000228,直播下单,U00591,否,否,男,食品,101,1,否,0,0,1
2023-01-23 00:00:00,O00000229,店铺下单,U01484,是,否,男,家居,199,1,是,0,0,1
2023-01-23 00:00:00,O00000230,直播下单,U01804,否,否,男,数码,163,1,是,0,1,1
2023-01-23 00:00:00,O00000231,直播下单,U00967,否,是,女,数码,95,1,否,0,0,1
2023-01-23 00:00:00,O00000232,店铺下单,U01694,否,否,女,食品,124,1,否,0,0,1
2023-01-23 00:00:00,O00000233,直播下单,U01143,否,是,女,服饰,52,1,是,0,0,1
2023-01-23 00:00:00,O00000234,直播下单,U00988,否,是,女,服饰,105,1,是,0,0,0
2023-01-23 00:00:00,O00000235,直播下单,U01317,是,否,女,数码,156,1,否,0,0,0
2023-01-23 00:00:00,O00000236,直播下单,U00662,否,是,女,服饰,118,1,否,0,0,1
2023-01-23 00:00:00,O00000237,店铺下单,U00026,否,否,男,数码,182,1,否,0,0,1
2023-01-23 00:00:00,O00000238,店铺下单,U01914,是,否,男,服饰,100,1,否,0,0,1
2023-01-23 00:00:00,O00000239,直播下单,U01933,否,是,女,服饰,142,1,否,0,0,0
2023-01-23 00:00:00,O00000240,直播下单,U01677,是,否,男,食品,182,1,是,0,0,0
2023-01-23 00:00:00,O00000241,店铺下单,U01992,否,是,男,服饰,104,1,否,0,0,1
2023-01-23 00:00:00,O00000242,直播下单,U01522,否,否,男,数码,154,1,否,0,0,1
2023-01-23 00:00:00,O00000243,直播下单,U00725,否,否,男,服饰,112,1,是,0,0,1
2023-01-23 00:00:00,O00000244,店铺下单,U00493,是,否,女,数码,156,1,否,0,0,1
2023-01-24 00:00:00,O00000245,直播下单,U00908,否,是,女,家居,141,1,是,0,0,1
2023-01-24 00:00:00,O00000246,直播下单,U01138,是,否,女,家居,145,1,否,0,0,1
2023-01-24 00:00:00,O00000247,店铺下单,U01952,否,否,男,家居,87,1,是,0,0,0
2023-01-24 00:00:00,O00000248,直播下单,U00784,否,否,男,服饰,184,1,否,0,0,1
2023-01-24 00:00:00,O00000249,直播下单,U00501,否,是,男,数码,69,1,否,0,0,1
2023-01-24 00:00:00,O00000250,直播下单,U01079,否,否,男,家居,136,1,是,0,0,1
2023-01-24 00:00:00,O00000251,直播下单,U00749,否,否,女,服饰,89,1,否,0,0,1
2023-01-24 00:00:00,O00000252,直播下单,U00836,否,否,男,食品,114,1,是,0,1,0
2023-01-24 00:00:00,O00000253,直播下单,U01199,否,否,女,服饰,85,1,否,0,0,1
2023-01-24 00:00:00,O00000254,店铺下单,U00232,否,否,男,家居,45,1,是,0,0,1
2023-01-24 00:00:00,O00000255,直播下单,U00453,否,是,男,家居,111,1,是,0,0,1
2023-01-24 00:00:00,O00000256,直播下单,U01798,否,是,男,食品,71,1,否,0,0,1
2023-01-24 00:00:00,O00000257,直播下单,U00424,是,是,男,数码,185,1,是,0,0,1
2023-01-25 00:00:00,O00000258,店铺下单,U00743,否,否,男,服饰,167,2,否,0,0,1
2023-01-25 00:00:00,O00000259,直播下单,U01459,是,否,男,数码,58,1,否,0,0,1
2023-01-25 00:00:00,O00000260,店铺下单,U00314,否,否,女,家居,126,1,否,0,0,1
2023-01-25 00:00:00,O00000261,店铺下单,U00393,否,否,女,家居,87,1,是,0,0,1
2023-01-26 00:00:00,O00000262,直播下单,U01605,否,否,男,家居,111,1,是,0,0,0
2023-01-26 00:00:00,O00000263,直播下单,U01142,是,否,男,服饰,183,4,是,0,0,1
2023-01-26 00:00:00,O00000264,店铺下单,U00834,是,否,男,家居,94,1,否,0,0,1
2023-01-26 00:00:00,O00000265,直播下单,U01039,否,是,男,服饰,175,2,是,0,0,0
2023-01-26 00:00:00,O00000266,直播下单,U00517,否,否,女,服饰,164,1,是,0,0,1
2023-01-26 00:00:00,O00000267,直播下单,U01112,是,否,男,服饰,60,1,是,0,0,1
2023-01-26 00:00:00,O00000268,店铺下单,U01794,否,否,女,服饰,99,2,否,1,0,1
2023-01-26 00:00:00,O00000269,店铺下单,U01818,否,否,女,数码,85,2,否,0,0,1
2023-01-26 00:00:00,O00000270,店铺下单,U01315,是,否,女,数码,131,1,是,0,0,1
2023-01-27 00:00:00,O00000271,店铺下单,U00982,否,否,女,家居,40,1,否,0,0,1
2023-01-27 00:00:00,O00000272,直播下单,U01164,是,否,女,食品,120,1,是,0,0,1
2023-01-27 00:00:00,O00000273,直播下单,U01027,是,否,男,服饰,90,1,是,0,0,0
2023-01-27 00:00:00,O00000274,店铺下单,U01087,是,否,男,食品,105,1,是,0,0,1
2023-01-27 00:00:00,O00000275,店铺下单,U01267,否,否,女,食品,133,1,否,0,0,0
2023-01-28 00:00:00,O00000276,直播下单,U00864,否,是,女,家居,184,4,是,0,0,1
2023-01-28 00:00:00,O00000277,店铺下单,U00039,是,否,女,数码,39,1,是,0,0,0
2023-01-28 00:00:00,O00000278,店铺下单,U01652,否,是,女,数码,84,1,否,0,0,1
2023-01-28 00:00:00,O00000279,店铺下单,U00378,是,否,女,数码,188,3,是,0,0,1
2023-01-28 00:00:00,O00000280,直播下单,U00619,否,是,女,服饰,82,1,是,0,0,1
2023-01-28 00:00:00,O00000281,直播下单,U00546,否,否,男,食品,137,2,否,0,0,1
2023-01-28 00:00:00,O00000282,直播下单,U00613,是,否,男,家居,129,1,是,0,0,1
2023-01-29 00:00:00,O00000283,店铺下单,U00490,是,否,女,家居,181,1,是,0,0,1
2023-01-29 00:00:00,O00000284,店铺下单,U01818,否,是,男,数码,143,1,是,0,0,1
2023-01-29 00:00:00,O00000285,直播下单,U00928,是,是,女,数码,130,1,否,0,0,0
2023-01-29 00:00:00,O00000286,店铺下单,U01018,是,否,女,数码,196,1,否,1,0,1
2023-01-29 00:00:00,O00000287,店铺下单,U01024,否,否,男,家居,164,1,是,0,0,1
2023-01-29 00:00:00,O00000288,直播下单,U00659,是,否,女,食品,117,1,是,1,0,0
2023-01-30 00:00:00,O00000289,直播下单,U00210,是,否,男,数码,140,1,否,0,0,1
2023-01-30 00:00:00,O00000290,店铺下单,U00971,否,是,男,数码,152,1,是,0,0,1
2023-01-30 00:00:00,O00000291,店铺下单,U01231,是,否,男,家居,179,1,是,0,0,0
2023-01-30 00:00:00,O00000292,店铺下单,U00898,是,否,男,数码,123,1,否,0,0,1
2023-01-30 00:00:00,O00000293,店铺下单,U00008,否,否,男,家居,130,1,否,0,0,1
2023-01-30 00:00:00,O00000294,直播下单,U00594,否,是,女,服饰,157,1,是,1,0,1
2023-01-30 00:00:00,O00000295,店铺下单,U00470,是,否,男,食品,100,1,否,1,0,1
2023-01-30 00:00:00,O00000296,店铺下单,U00628,否,是,男,数码,42,1,否,0,0,1
2023-01-30 00:00:00,O00000297,直播下单,U01529,是,否,女,数码,124,1,否,0,0,1
2023-01-30 00:00:00,O00000298,店铺下单,U01789,否,是,女,服饰,112,1,是,0,0,1
2023-01-30 00:00:00,O00000299,店铺下单,U00581,是,是,女,家居,193,1,否,1,0,0
2023-01-31 00:00:00,O00000300,店铺下单,U00681,是,否,男,数码,39,1,否,0,0,1
2023-01-31 00:00:00,O00000301,直播下单,U01871,否,是,女,家居,50,1,是,0,0,1
2023-01-31 00:00:00,O00000302,店铺下单,U00160,是,否,女,数码,114,1,否,0,0,1
2023-01-31 00:00:00,O00000303,直播下单,U00297,是,否,女,数码,112,1,是,0,0,0
2023-01-31 00:00:00,O00000304,直播下单,U01959,否,否,男,家居,108,1,否,0,0,1
2023-01-31 00:00:00,O00000305,直播下单,U01886,是,否,女,服饰,124,1,是,0,0,1
2023-02-01 00:00:00,O00000306,店铺下单,U01927,否,否,女,食品,165,1,否,0,0,1
2023-02-01 00:00:00,O00000307,店铺下单,U00542,否,否,男,服饰,169,1,否,0,0,1
2023-02-01 00:00:00,O00000308,直播下单,U00733,否,是,女,食品,116,1,是,0,1,1
2023-02-01 00:00:00,O00000309,直播下单,U00272,是,否,女,食品,124,2,否,0,0,1
2023-02-01 00:00:00,O00000310,直播下单,U00739,是,否,男,食品,193,1,否,0,0,1
2023-02-01 00:00:00,O00000311,直播下单,U01358,否,否,女,家居,178,1,否,0,0,1
2023-02-01 00:00:00,O00000312,直播下单,U00906,否,否,男,服饰,186,1,否,0,0,1
2023-02-01 00:00:00,O00000313,直播下单,U00430,否,否,男,数码,128,1,否,0,0,0
2023-02-01 00:00:00,O00000314,直播下单,U00923,否,否,女,家居,127,1,否,0,0,1
2023-02-01 00:00:00,O00000315,店铺下单,U00294,否,否,男,服饰,166,1,否,0,0,1
2023-02-02 00:00:00,O00000316,店铺下单,U00005,否,是,男,家居,164,1,是,0,0,1
2023-02-02 00:00:00,O00000317,店铺下单,U00370,否,否,女,服饰,181,1,是,0,0,0
2023-02-02 00:00:00,O00000318,直播下单,U00619,否,否,男,数码,85,1,否,0,0,1
2023-02-02 00:00:00,O00000319,店铺下单,U01636,否,是,男,服饰,156,1,否,0,0,0
2023-02-02 00:00:00,O00000320,店铺下单,U01144,是,否,女,服饰,161,1,否,0,0,1
2023-02-02 00:00:00,O00000321,直播下单,U01057,是,否,女,数码,146,2,否,0,0,1
2023-02-03 00:00:00,O00000322,直播下单,U01120,否,否,男,家居,189,1,是,0,0,1
2023-02-03 00:00:00,O00000323,直播下单,U00833,否,否,女,数码,177,1,否,0,0,0
2023-02-03 00:00:00,O00000324,直播下单,U01596,是,是,男,家居,91,1,是,0,0,1
2023-02-03 00:00:00,O00000325,直播下单,U00849,是,否,男,家居,41,1,是,0,0,1
2023-02-03 00:00:00,O00000326,店铺下单,U00849,是,否,女,数码,67,3,否,0,0,0
2023-02-04 00:00:00,O00000327,店铺下单,U01498,是,是,男,服饰,185,1,是,0,0,1
2023-02-04 00:00:00,O00000328,直播下单,U01312,否,是,男,食品,117,1,否,0,0,1
2023-02-04 00:00:00,O00000329,直播下单,U01486,否,是,女,服饰,73,1,是,0,0,1
2023-02-04 00:00:00,O00000330,店铺下单,U01987,是,否,女,服饰,167,1,否,0,0,1
2023-02-04 00:00:00,O00000331,直播下单,U01129,否,否,女,服饰,52,1,是,0,1,1
2023-02-04 00:00:00,O00000332,店铺下单,U00856,否,否,女,数码,72,2,是,0,0,1
2023-02-04 00:00:00,O00000333,直播下单,U00687,否,否,女,数码,189,1,是,0,0,1
2023-02-04 00:00:00,O00000334,店铺下单,U00191,否,否,女,家居,152,1,否,0,0,1
2023-02-04 00:00:00,O00000335,店铺下单,U00175,是,否,男,数码,77,2,是,0,0,1
2023-02-04 00:00:00,O00000336,店铺下单,U01885,否,否,女,家居,172,1,是,0,1,1
2023-02-04 00:00:00,O00000337,店铺下单,U00931,否,是,女,家居,197,2,否,0,0,1
2023-02-04 00:00:00,O00000338,直播下单,U01736,否,否,男,数码,44,1,是,0,1,1
2023-02-04 00:00:00,O00000339,店铺下单,U01595,是,否,女,数码,131,3,是,0,0,1
2023-02-05 00:00:00,O00000340,店铺下单,U01156,否,否,男,食品,123,1,否,0,0,1
2023-02-05 00:00:00,O00000341,店铺下单,U00487,否,是,男,家居,164,1,是,0,0,1
2023-02-05 00:00:00,O00000342,店铺下单,U01281,否,否,女,服饰,73,1,否,0,0,1
2023-02-05 00:00:00,O00000343,店铺下单,U01141,是,否,女,数码,46,1,是,0,0,1
2023-02-05 00:00:00,O00000344,店铺下单,U00004,否,是,男,家居,68,2,否,0,1,1
2023-02-05 00:00:00,O00000345,直播下单,U01777,否,否,男,服饰,91,1,否,0,0,1
2023-02-05 00:00:00,O00000346,店铺下单,U01517,是,是,女,家居,171,1,否,0,0,1
2023-02-05 00:00:00,O00000347,店铺下单,U00388,否,否,女,服饰,186,1,否,0,0,1
2023-02-05 00:00:00,O00000348,店铺下单,U01338,是,是,男,服饰,59,3,是,0,0,0
2023-02-05 00:00:00,O00000349,直播下单,U01240,否,否,女,服饰,117,1,否,0,0,1
2023-02-05 00:00:00,O00000350,直播下单,U01025,否,否,男,食品,153,1,否,0,0,0
2023-02-05 00:00:00,O00000351,店铺下单,U00160,是,否,女,数码,78,1,否,0,1,1
2023-02-05 00:00:00,O00000352,直播下单,U00693,否,否,男,数码,73,1,是,0,0,1
2023-02-06 00:00:00,O00000353,直播下单,U01788,是,否,男,家居,143,1,否,0,0,1
2023-02-06 00:00:00,O00000354,直播下单,U00691,否,否,女,食品,182,1,是,0,0,1
2023-02-06 00:00:00,O00000355,直播下单,U00341,否,否,女,数码,158,1,否,0,0,1
2023-02-06 00:00:00,O00000356,店铺下单,U01168,否,否,女,服饰,172,1,否,0,0,1
2023-02-06 00:00:00,O00000357,直播下单,U01236,否,否,男,食品,109,1,否,0,0,1
2023-02-06 00:00:00,O00000358,店铺下单,U01595,是,否,男,食品,146,2,否,0,0,1
2023-02-06 00:00:00,O00000359,直播下单,U01515,否,否,女,服饰,112,2,否,0,0,1
2023-02-06 00:00:00,O00000360,直播下单,U01426,否,是,男,食品,172,1,是,0,0,0
2023-02-06 00:00:00,O00000361,直播下单,U00933,是,否,男,数码,132,1,是,0,0,1
2023-02-06 00:00:00,O00000362,店铺下单,U01433,否,否,女,食品,46,1,否,0,0,1
2023-02-06 00:00:00,O00000363,直播下单,U00401,否,否,女,服饰,99,2,否,0,0,0
2023-02-06 00:00:00,O00000364,店铺下单,U01150,是,否,女,数码,188,1,否,0,0,1
2023-02-06 00:00:00,O00000365,直播下单,U00148,是,是,女,家居,59,1,否,0,0,1
2023-02-07 00:00:00,O00000366,店铺下单,U00589,否,否,男,数码,195,1,否,0,0,0
2023-02-07 00:00:00,O00000367,直播下单,U00068,否,是,男,服饰,124,2,是,0,0,1
2023-02-07 00:00:00,O00000368,直播下单,U00818,否,否,男,家居,96,3,是,0,0,1
2023-02-07 00:00:00,O00000369,店铺下单,U01916,否,否,女,数码,102,1,否,0,0,1
2023-02-07 00:00:00,O00000370,店铺下单,U01149,否,否,男,家居,165,1,是,0,0,1
2023-02-07 00:00:00,O00000371,店铺下单,U00049,否,是,男,食品,50,4,否,0,0,1
2023-02-07 00:00:00,O00000372,店铺下单,U01859,否,否,男,服饰,106,1,否,0,0,1
2023-02-07 00:00:00,O00000373,直播下单,U00120,是,是,女,家居,154,1,否,0,1,0
2023-02-07 00:00:00,O00000374,店铺下单,U01641,是,否,女,数码,133,1,否,0,0,1
2023-02-07 00:00:00,O00000375,店铺下单,U00559,否,否,男,家居,106,1,否,0,0,0
2023-02-08 00:00:00,O00000376,直播下单,U00564,否,否,女,食品,162,1,是,0,0,1
2023-02-08 00:00:00,O00000377,店铺下单,U01300,否,是,男,服饰,190,1,否,0,0,1
2023-02-08 00:00:00,O00000378,直播下单,U01291,否,否,男,服饰,173,1,是,0,0,1
2023-02-08 00:00:00,O00000379,店铺下单,U01344,否,是,女,家居,181,1,否,0,0,1
2023-02-08 00:00:00,O00000380,店铺下单,U00021,否,否,女,数码,164,1,否,0,0,1
2023-02-08 00:00:00,O00000381,店铺下单,U00594,否,否,男,服饰,55,1,是,0,0,0
2023-02-08 00:00:00,O00000382,店铺下单,U01073,是,否,男,家居,177,2,否,0,0,0
2023-02-08 00:00:00,O00000383,直播下单,U01392,否,否,女,食品,162,1,否,0,0,1
2023-02-08 00:00:00,O00000384,店铺下单,U01346,否,否,男,家居,56,1,是,0,1,1
2023-02-08 00:00:00,O00000385,店铺下单,U00996,否,是,男,数码,101,1,否,0,0,0
2023-02-08 00:00:00,O00000386,店铺下单,U00393,是,否,女,家居,106,1,否,0,0,1
2023-02-08 00:00:00,O00000387,直播下单,U00999,是,是,女,服饰,72,1,是,0,0,0
2023-02-09 00:00:00,O00000388,店铺下单,U01765,否,否,女,数码,191,1,否,0,1,1
2023-02-09 00:00:00,O00000389,店铺下单,U01365,否,否,男,数码,69,1,否,0,0,1
2023-02-09 00:00:00,O00000390,直播下单,U01075,是,否,男,数码,114,1,是,1,0,1
2023-02-09 00:00:00,O00000391,直播下单,U01386,是,否,男,服饰,45,2,否,0,0,0
2023-02-09 00:00:00,O00000392,直播下单,U00631,否,否,男,食品,174,1,是,0,0,1
2023-02-09 00:00:00,O00000393,店铺下单,U01567,否,否,女,家居,84,1,否,0,0,1
2023-02-09 00:00:00,O00000394,直播下单,U01310,否,否,男,家居,164,1,否,0,0,1
2023-02-09 00:00:00,O00000395,直播下单,U00936,是,否,女,家居,89,1,否,0,0,0
2023-02-09 00:00:00,O00000396,店铺下单,U00360,否,否,女,家居,99,1,否,0,0,1
2023-02-10 00:00:00,O00000397,店铺下单,U00512,是,否,女,服饰,174,1,否,0,0,0
2023-02-10 00:00:00,O00000398,店铺下单,U01717,是,否,女,数码,155,3,否,0,0,0
2023-02-10 00:00:00,O00000399,直播下单,U00571,是,是,男,食品,198,1,是,1,0,1
2023-02-10 00:00:00,O00000400,店铺下单,U00042,否,是,女,数码,144,1,否,0,1,1
2023-02-10 00:00:00,O00000401,直播下单,U00239,是,否,男,服饰,121,1,是,0,0,0
2023-02-10 00:00:00,O00000402,直播下单,U01594,是,否,女,家居,179,3,否,0,0,1
2023-02-10 00:00:00,O00000403,店铺下单,U00259,否,否,男,家居,61,1,是,0,0,1
2023-02-10 00:00:00,O00000404,直播下单,U00467,否,否,男,数码,120,2,是,0,0,1
2023-02-11 00:00:00,O00000405,直播下单,U00668,是,否,男,服饰,153,1,否,0,0,1
2023-02-11 00:00:00,O00000406,直播下单,U01216,是,否,男,服饰,100,3,否,0,0,1
2023-02-11 00:00:00,O00000407,店铺下单,U01695,否,否,男,数码,65,1,是,0,0,1
2023-02-11 00:00:00,O00000408,直播下单,U00369,是,否,女,数码,82,2,否,0,0,1
2023-02-11 00:00:00,O00000409,店铺下单,U00716,否,否,男,食品,67,1,否,0,0,1
2023-02-12 00:00:00,O00000410,店铺下单,U00556,否,是,女,家居,100,1,否,0,0,1
2023-02-12 00:00:00,O00000411,店铺下单,U00507,是,是,女,服饰,69,1,是,0,0,1
2023-02-12 00:00:00,O00000412,直播下单,U01476,否,是,男,服饰,39,1,否,0,0,1
2023-02-12 00:00:00,O00000413,直播下单,U01411,否,否,女,数码,99,1,否,0,0,0
2023-02-12 00:00:00,O00000414,店铺下单,U00257,否,否,女,数码,167,1,否,0,0,1
2023-02-12 00:00:00,O00000415,直播下单,U00981,否,是,女,食品,147,2,否,0,0,1
2023-02-12 00:00:00,O00000416,店铺下单,U01648,是,否,男,食品,98,1,否,0,0,1
2023-02-12 00:00:00,O00000417,店铺下单,U00443,是,否,女,数码,155,1,否,0,0,1
2023-02-12 00:00:00,O00000418,直播下单,U01189,否,否,女,服饰,54,4,否,0,0,1
2023-02-12 00:00:00,O00000419,直播下单,U01690,否,否,女,数码,100,3,是,0,0,1
2023-02-12 00:00:00,O00000420,直播下单,U00178,否,否,女,服饰,127,1,是,0,0,1
2023-02-12 00:00:00,O00000421,直播下单,U01509,否,否,男,家居,70,1,否,0,0,1
2023-02-13 00:00:00,O00000422,店铺下单,U01077,是,否,女,服饰,189,1,否,0,0,1
2023-02-13 00:00:00,O00000423,店铺下单,U00230,否,否,男,家居,130,1,否,0,0,1
2023-02-13 00:00:00,O00000424,店铺下单,U00245,是,否,男,数码,62,1,否,0,0,1
2023-02-14 00:00:00,O00000425,直播下单,U00633,是,否,男,家居,188,1,否,0,0,1
2023-02-14 00:00:00,O00000426,店铺下单,U00258,是,是,男,服饰,104,1,否,0,0,1
2023-02-14 00:00:00,O00000427,直播下单,U01090,否,否,女,家居,56,1,否,0,0,1
2023-02-14 00:00:00,O00000428,店铺下单,U00938,是,否,女,数码,60,3,否,0,0,1
2023-02-14 00:00:00,O00000429,直播下单,U01233,是,否,男,数码,198,1,是,0,0,1
2023-02-14 00:00:00,O00000430,直播下单,U01995,是,否,女,服饰,129,1,否,0,0,0
2023-02-14 00:00:00,O00000431,店铺下单,U00054,否,否,男,食品,179,1,是,0,0,1
2023-02-14 00:00:00,O00000432,店铺下单,U01562,否,否,女,食品,88,1,是,0,0,1
2023-02-14 00:00:00,O00000433,直播下单,U00571,否,否,男,数码,93,1,否,0,0,1
2023-02-14 00:00:00,O00000434,直播下单,U00411,否,否,女,家居,164,3,是,0,0,0
2023-02-14 00:00:00,O00000435,直播下单,U00846,是,否,女,食品,173,1,否,0,0,1
2023-02-14 00:00:00,O00000436,店铺下单,U01291,是,否,男,家居,175,1,是,0,0,1
2023-02-14 00:00:00,O00000437,店铺下单,U01596,是,是,女,家居,47,4,是,0,0,1
2023-02-15 00:00:00,O00000438,直播下单,U00411,否,否,女,食品,131,1,否,0,0,1
2023-02-15 00:00:00,O00000439,直播下单,U00977,是,否,男,数码,56,1,是,0,0,0
2023-02-15 00:00:00,O00000440,直播下单,U00963,是,否,男,食品,169,1,否,0,0,1
2023-02-15 00:00:00,O00000441,店铺下单,U00684,否,否,男,数码,172,1,否,0,0,1
2023-02-15 00:00:00,O00000442,直播下单,U01130,否,否,男,服饰,42,1,否,0,0,1
2023-02-15 00:00:00,O00000443,直播下单,U00482,否,是,女,数码,95,1,是,0,0,1
2023-02-15 00:00:00,O00000444,店铺下单,U00069,是,是,男,数码,93,1,是,0,0,0
2023-02-15 00:00:00,O00000445,直播下单,U00224,是,否,男,服饰,77,1,是,0,0,0
2023-02-15 00:00:00,O00000446,直播下单,U00638,是,是,男,家居,88,1,是,0,0,1
2023-02-16 00:00:00,O00000447,店铺下单,U00888,是,否,男,数码,170,1,是,0,0,1
2023-02-16 00:00:00,O00000448,直播下单,U01188,否,否,女,数码,66,1,否,0,1,1
2023-02-16 00:00:00,O00000449,直播下单,U00671,否,是,男,服饰,61,1,否,0,0,0
2023-02-16 00:00:00,O00000450,直播下单,U01697,否,否,女,服饰,189,1,是,0,0,1
2023-02-17 00:00:00,O00000451,店铺下单,U00356,否,否,女,食品,137,1,否,0,0,0
2023-02-17 00:00:00,O00000452,直播下单,U00423,否,否,女,服饰,126,1,是,1,0,1
2023-02-17 00:00:00,O00000453,直播下单,U01026,否,是,女,家居,188,1,否,0,0,0
2023-02-17 00:00:00,O00000454,店铺下单,U01801,否,是,女,数码,144,1,是,0,0,1
2023-02-17 00:00:00,O00000455,店铺下单,U00660,否,否,女,数码,74,1,否,0,1,1
2023-02-17 00:00:00,O00000456,直播下单,U00362,否,否,男,家居,85,1,否,0,0,1
2023-02-17 00:00:00,O00000457,直播下单,U01360,否,否,女,服饰,186,1,是,0,0,1
2023-02-18 00:00:00,O00000458,店铺下单,U01632,否,否,女,服饰,135,1,是,0,0,1
2023-02-18 00:00:00,O00000459,直播下单,U01207,否,否,女,家居,144,1,否,0,0,0
2023-02-18 00:00:00,O00000460,店铺下单,U00067,否,是,男,数码,74,1,否,0,0,1
2023-02-18 00:00:00,O00000461,店铺下单,U00351,是,否,女,家居,176,1,否,0,0,1
2023-02-18 00:00:00,O00000462,直播下单,U00441,否,否,男,食品,133,1,否,0,0,1
2023-02-18 00:00:00,O00000463,直播下单,U01061,是,否,男,家居,139,1,否,0,0,1
2023-02-18 00:00:00,O00000464,店铺下单,U00789,是,否,女,家居,142,1,否,0,0,1
2023-02-18 00:00:00,O00000465,直播下单,U00571,是,否,男,食品,88,1,否,0,0,0
2023-02-18 00:00:00,O00000466,直播下单,U00982,否,否,男,服饰,154,1,否,0,0,1
2023-02-18 00:00:00,O00000467,直播下单,U00107,是,是,男,服饰,86,1,否,0,0,1
2023-02-18 00:00:00,O00000468,直播下单,U01409,否,否,男,服饰,119,2,是,0,1,1
2023-02-18 00:00:00,O00000469,直播下单,U00742,是,否,男,数码,91,1,否,0,0,1
2023-02-18 00:00:00,O00000470,店铺下单,U00075,是,是,男,家居,69,3,否,0,0,1
2023-02-19 00:00:00,O00000471,店铺下单,U01483,是,否,女,食品,47,4,否,0,0,1
2023-02-19 00:00:00,O00000472,店铺下单,U00599,是,否,女,家居,184,1,是,0,0,1
2023-02-19 00:00:00,O00000473,店铺下单,U01649,否,否,女,食品,67,3,否,0,1,1
2023-02-19 00:00:00,O00000474,店铺下单,U00932,是,是,女,家居,163,2,是,0,0,1
2023-02-19 00:00:00,O00000475,直播下单,U01564,否,否,女,食品,186,1,是,0,0,1
2023-02-19 00:00:00,O00000476,店铺下单,U00606,是,否,男,数码,76,1,否,0,0,1
2023-02-19 00:00:00,O00000477,直播下单,U00428,否,否,男,服饰,173,1,否,0,0,1
2023-02-19 00:00:00,O00000478,店铺下单,U01689,否,否,男,家居,167,2,否,0,0,0
2023-02-20 00:00:00,O00000479,店铺下单,U00700,否,否,男,服饰,148,1,否,0,0,1
2023-02-20 00:00:00,O00000480,直播下单,U01305,是,否,女,家居,70,1,否,0,0,1
2023-02-20 00:00:00,O00000481,直播下单,U01377,否,是,女,食品,157,1,是,0,0,1
2023-02-20 00:00:00,O00000482,店铺下单,U01998,是,否,女,家居,40,1,是,0,0,0
2023-02-20 00:00:00,O00000483,店铺下单,U01283,否,否,男,服饰,176,1,是,0,0,1
2023-02-20 00:00:00,O00000484,直播下单,U00412,否,否,女,服饰,144,1,否,0,0,1
2023-02-20 00:00:00,O00000485,直播下单,U00908,否,否,男,服饰,64,1,否,0,0,1
2023-02-20 00:00:00,O00000486,店铺下单,U00112,是,否,女,服饰,173,1,否,0,0,1
2023-02-20 00:00:00,O00000487,直播下单,U00351,否,否,男,数码,60,1,否,0,0,1
2023-02-21 00:00:00,O00000488,直播下单,U00773,否,否,女,食品,184,1,否,0,0,0
2023-02-21 00:00:00,O00000489,店铺下单,U00422,否,否,男,数码,159,1,否,0,0,1
2023-02-21 00:00:00,O00000490,店铺下单,U00075,否,否,男,服饰,114,1,否,0,0,1
2023-02-21 00:00:00,O00000491,店铺下单,U01738,是,是,男,数码,133,1,否,0,0,1
2023-02-21 00:00:00,O00000492,店铺下单,U01044,是,否,女,服饰,82,1,否,0,0,1
2023-02-21 00:00:00,O00000493,直播下单,U00013,否,否,女,家居,122,2,否,0,0,1
2023-02-21 00:00:00,O00000494,店铺下单,U00502,否,否,女,家居,181,1,否,0,0,1
2023-02-21 00:00:00,O00000495,店铺下单,U00535,否,否,女,服饰,170,1,否,0,0,1
2023-02-22 00:00:00,O00000496,直播下单,U01357,否,否,男,家居,138,2,是,0,0,0
2023-02-22 00:00:00,O00000497,直播下单,U01658,否,否,女,服饰,40,2,是,0,0,1
2023-02-22 00:00:00,O00000498,直播下单,U01992,是,是,女,服饰,164,3,是,0,0,1
2023-02-22 00:00:00,O00000499,直播下单,U00548,否,否,女,服饰,177,4,否,0,0,1
2023-02-22 00:00:00,O00000500,直播下单,U00538,否,否,女,服饰,198,1,否,0,0,0
2023-02-22 00:00:00,O00000501,直播下单,U01302,否,否,女,家居,148,1,否,0,0,1
2023-02-22 00:00:00,O00000502,店铺下单,U01671,否,否,女,食品,126,2,是,0,0,1
2023-02-22 00:00:00,O00000503,直播下单,U01049,否,否,女,数码,121,1,否,0,0,1
2023-02-23 00:00:00,O00000504,店铺下单,U00527,否,否,男,家居,197,2,否,0,0,1
2023-02-23 00:00:00,O00000505,直播下单,U01285,否,否,女,家居,158,2,是,0,0,1
2023-02-23 00:00:00,O00000506,店铺下单,U01825,否,是,男,服饰,145,2,是,0,0,1
2023-02-23 00:00:00,O00000507,店铺下单,U01357,否,否,男,食品,117,3,否,0,0,1
2023-02-23 00:00:00,O00000508,店铺下单,U00824,否,是,男,服饰,89,1,否,0,0,1
2023-02-23 00:00:00,O00000509,直播下单,U00973,否,否,女,食品,126,1,是,0,0,1
2023-02-23 00:00:00,O00000510,直播下单,U01367,否,否,女,数码,153,1,是,0,0,1
2023-02-24 00:00:00,O00000511,直播下单,U01419,是,否,女,家居,87,1,是,0,0,1
2023-02-24 00:00:00,O00000512,直播下单,U00508,是,否,男,家居,174,1,否,0,0,1
2023-02-24 00:00:00,O00000513,店铺下单,U00542,否,是,男,家居,160,1,否,0,0,1
2023-02-24 00:00:00,O00000514,店铺下单,U00334,否,否,男,服饰,121,2,是,0,0,1
2023-02-24 00:00:00,O00000515,店铺下单,U00438,否,是,女,食品,181,1,是,0,0,1
2023-02-24 00:00:00,O00000516,店铺下单,U00987,是,否,男,家居,196,1,是,0,0,0
2023-02-24 00:00:00,O00000517,店铺下单,U00483,是,是,女,食品,90,1,否,0,1,1
2023-02-24 00:00:00,O00000518,直播下单,U01206,否,是,女,服饰,97,1,否,0,0,1
2023-02-24 00:00:00,O00000519,店铺下单,U01273,否,是,女,服饰,125,1,是,0,0,1
2023-02-24 00:00:00,O00000520,店铺下单,U01817,否,否,女,数码,116,1,否,0,0,1
2023-02-25 00:00:00,O00000521,直播下单,U01916,是,否,女,服饰,49,1,否,0,0,0
2023-02-25 00:00:00,O00000522,店铺下单,U00681,是,否,男,食品,193,2,否,1,0,1
2023-02-25 00:00:00,O00000523,店铺下单,U00083,否,否,女,家居,113,1,否,0,0,1
2023-02-25 00:00:00,O00000524,直播下单,U00615,是,否,女,服饰,92,1,是,0,0,1
2023-02-26 00:00:00,O00000525,店铺下单,U00452,否,是,女,家居,166,1,否,0,0,0
2023-02-26 00:00:00,O00000526,直播下单,U01017,是,否,女,家居,71,3,否,0,0,1
2023-02-26 00:00:00,O00000527,直播下单,U01292,否,是,男,食品,195,1,否,0,0,1
2023-02-26 00:00:00,O00000528,店铺下单,U01675,否,否,女,食品,39,1,否,0,0,0
2023-02-26 00:00:00,O00000529,直播下单,U00965,否,否,男,食品,65,3,否,0,0,1
2023-02-26 00:00:00,O00000530,店铺下单,U01216,是,否,男,服饰,53,1,是,0,0,1
2023-02-26 00:00:00,O00000531,直播下单,U00081,否,否,男,家居,119,1,是,0,0,1
2023-02-27 00:00:00,O00000532,店铺下单,U01047,否,否,女,数码,190,1,否,0,0,0
2023-02-27 00:00:00,O00000533,直播下单,U00010,否,否,女,家居,138,1,否,0,0,1
2023-02-27 00:00:00,O00000534,直播下单,U00769,否,是,女,食品,111,1,否,0,0,1
2023-02-27 00:00:00,O00000535,直播下单,U00792,否,否,女,数码,163,1,否,0,0,1
2023-02-27 00:00:00,O00000536,直播下单,U00699,否,否,男,数码,98,1,否,0,0,1
2023-02-27 00:00:00,O00000537,店铺下单,U00133,否,否,女,数码,66,1,否,0,0,0
2023-02-27 00:00:00,O00000538,店铺下单,U00155,否,否,女,家居,193,1,否,0,0,1
2023-02-27 00:00:00,O00000539,店铺下单,U01562,是,否,女,数码,118,1,否,0,1,0
2023-02-28 00:00:00,O00000540,店铺下单,U00095,否,否,男,数码,165,1,是,0,0,1
2023-02-28 00:00:00,O00000541,直播下单,U00247,否,否,男,服饰,106,2,否,0,0,0
2023-02-28 00:00:00,O00000542,直播下单,U01070,是,是,女,数码,88,1,否,0,0,1
2023-02-28 00:00:00,O00000543,店铺下单,U00355,否,否,男,家居,84,4,是,0,0,1
2023-02-28 00:00:00,O00000544,直播下单,U01052,是,是,女,数码,182,2,否,0,0,1
2023-02-28 00:00:00,O00000545,直播下单,U00376,是,是,女,数码,140,1,否,0,0,1
2023-02-28 00:00:00,O00000546,直播下单,U00204,否,否,男,数码,39,1,是,0,1,1
2023-02-28 00:00:00,O00000547,店铺下单,U00584,是,否,男,家居,53,1,否,0,0,0
2023-02-28 00:00:00,O00000548,直播下单,U00610,是,是,女,家居,54,4,否,0,0,1
2023-02-28 00:00:00,O00000549,直播下单,U00621,是,否,男,家居,93,1,是,0,0,0
2023-02-28 00:00:00,O00000550,店铺下单,U00228,否,否,男,家居,149,2,是,0,0,1
2023-02-28 00:00:00,O00000551,店铺下单,U00182,否,否,女,数码,172,1,否,0,0,1
2023-03-01 00:00:00,O00000552,店铺下单,U01349,是,否,女,数码,118,1,是,0,0,1
2023-03-01 00:00:00,O00000553,店铺下单,U01983,否,否,男,数码,120,1,是,0,0,1
2023-03-01 00:00:00,O00000554,直播下单,U01525,否,是,女,服饰,53,1,否,0,0,1
2023-03-01 00:00:00,O00000555,店铺下单,U01768,是,否,男,家居,155,1,否,0,0,1
2023-03-01 00:00:00,O00000556,店铺下单,U01234,否,是,女,家居,41,1,是,0,0,1
2023-03-01 00:00:00,O00000557,店铺下单,U01336,否,否,女,数码,54,1,否,0,0,1
2023-03-01 00:00:00,O00000558,店铺下单,U01147,是,否,男,数码,114,1,否,0,0,1
2023-03-01 00:00:00,O00000559,直播下单,U00065,否,是,女,数码,95,1,是,0,0,1
2023-03-01 00:00:00,O00000560,店铺下单,U00875,否,否,女,数码,198,1,否,0,0,1
2023-03-01 00:00:00,O00000561,直播下单,U01632,是,是,女,服饰,84,1,否,0,0,1
2023-03-01 00:00:00,O00000562,店铺下单,U00319,是,是,女,家居,47,1,是,0,0,1
2023-03-01 00:00:00,O00000563,直播下单,U01312,否,否,女,数码,141,1,是,0,0,1
2023-03-02 00:00:00,O00000564,店铺下单,U01709,否,否,男,数码,47,1,否,0,0,1
2023-03-02 00:00:00,O00000565,店铺下单,U01943,否,否,男,服饰,186,4,是,1,0,1
2023-03-02 00:00:00,O00000566,直播下单,U00479,否,否,男,家居,192,1,否,0,0,0
2023-03-02 00:00:00,O00000567,店铺下单,U00756,否,否,男,数码,172,1,否,0,0,1
2023-03-02 00:00:00,O00000568,店铺下单,U01033,否,否,女,服饰,95,1,否,0,0,1
2023-03-02 00:00:00,O00000569,直播下单,U00674,是,否,女,数码,141,1,否,0,0,1
2023-03-02 00:00:00,O00000570,直播下单,U01842,是,否,男,数码,57,1,是,0,0,0
2023-03-02 00:00:00,O00000571,直播下单,U00029,是,否,男,食品,155,1,是,0,0,0
2023-03-02 00:00:00,O00000572,直播下单,U00481,否,是,男,服饰,166,1,是,0,0,1
2023-03-02 00:00:00,O00000573,直播下单,U00927,是,是,女,数码,160,1,是,0,0,0
2023-03-02 00:00:00,O00000574,直播下单,U01243,否,否,男,家居,81,2,否,0,0,1
2023-03-02 00:00:00,O00000575,店铺下单,U00924,是,是,女,服饰,68,1,否,0,0,1
2023-03-02 00:00:00,O00000576,直播下单,U00487,是,是,女,家居,70,2,否,0,0,1
2023-03-03 00:00:00,O00000577,直播下单,U01348,否,否,女,数码,123,1,是,0,0,1
2023-03-03 00:00:00,O00000578,直播下单,U00094,是,否,女,家居,53,1,是,0,0,0
2023-03-03 00:00:00,O00000579,店铺下单,U00006,否,否,男,食品,69,2,否,0,0,1
2023-03-03 00:00:00,O00000580,直播下单,U01208,否,否,女,家居,175,1,否,0,0,0
2023-03-03 00:00:00,O00000581,店铺下单,U00640,否,否,女,食品,174,1,否,0,0,1
2023-03-03 00:00:00,O00000582,直播下单,U00979,否,是,女,数码,136,1,是,0,0,1
2023-03-04 00:00:00,O00000583,直播下单,U00940,是,否,女,服饰,83,1,是,0,0,1
2023-03-04 00:00:00,O00000584,直播下单,U00951,否,否,女,食品,109,1,是,0,1,1
2023-03-04 00:00:00,O00000585,直播下单,U01959,是,否,女,数码,60,1,是,0,0,0
2023-03-04 00:00:00,O00000586,直播下单,U00681,否,是,男,服饰,96,2,否,0,0,1
2023-03-04 00:00:00,O00000587,店铺下单,U00307,是,否,男,服饰,53,2,是,0,0,1
2023-03-04 00:00:00,O00000588,店铺下单,U00456,是,否,女,食品,163,1,是,0,0,1
2023-03-04 00:00:00,O00000589,店铺下单,U00482,否,否,女,数码,61,1,否,0,1,1
2023-03-05 00:00:00,O00000590,直播下单,U01743,否,否,男,家居,99,1,是,0,0,1
2023-03-05 00:00:00,O00000591,店铺下单,U01451,否,否,男,数码,113,1,是,0,0,1
2023-03-05 00:00:00,O00000592,直播下单,U00848,否,否,女,数码,148,1,否,0,0,1
2023-03-05 00:00:00,O00000593,直播下单,U00396,否,否,男,服饰,65,1,是,0,0,1
2023-03-05 00:00:00,O00000594,店铺下单,U01320,否,否,男,数码,191,1,是,0,0,0
2023-03-06 00:00:00,O00000595,直播下单,U00683,否,否,男,服饰,101,1,是,0,0,0
2023-03-06 00:00:00,O00000596,店铺下单,U01083,否,是,女,数码,106,2,是,0,0,1
2023-03-06 00:00:00,O00000597,直播下单,U01469,是,否,男,数码,85,1,是,0,0,1
2023-03-06 00:00:00,O00000598,直播下单,U00957,否,是,女,服饰,143,1,否,0,0,0
2023-03-06 00:00:00,O00000599,店铺下单,U01181,否,是,男,服饰,125,1,是,0,0,1
2023-03-06 00:00:00,O00000600,店铺下单,U00428,否,否,女,家居,53,1,是,0,0,0
2023-03-06 00:00:00,O00000601,店铺下单,U00691,否,是,男,家居,112,1,否,0,0,0
2023-03-06 00:00:00,O00000602,店铺下单,U01039,否,是,男,家居,150,1,是,0,0,1
2023-03-06 00:00:00,O00000603,直播下单,U01028,是,否,男,家居,80,2,否,0,1,0
2023-03-06 00:00:00,O00000604,直播下单,U01210,否,否,男,家居,145,1,否,0,1,1
2023-03-06 00:00:00,O00000605,店铺下单,U01550,是,是,女,数码,110,1,否,0,0,1
2023-03-07 00:00:00,O00000606,店铺下单,U01275,否,否,女,服饰,120,1,否,0,0,0
2023-03-07 00:00:00,O00000607,店铺下单,U00299,是,否,男,食品,98,1,否,0,0,1
2023-03-07 00:00:00,O00000608,店铺下单,U01667,是,否,男,数码,91,1,否,0,0,1
2023-03-07 00:00:00,O00000609,店铺下单,U00848,是,否,女,家居,157,2,否,0,0,1
2023-03-07 00:00:00,O00000610,店铺下单,U01093,否,否,男,家居,110,1,是,0,0,1
2023-03-07 00:00:00,O00000611,直播下单,U00919,否,否,女,数码,93,1,否,0,0,1
2023-03-08 00:00:00,O00000612,直播下单,U01946,是,否,男,服饰,171,1,否,0,0,1
2023-03-08 00:00:00,O00000613,店铺下单,U01745,是,是,男,服饰,136,1,是,0,0,1
2023-03-08 00:00:00,O00000614,店铺下单,U01622,是,否,男,家居,182,1,是,0,0,0
2023-03-08 00:00:00,O00000615,店铺下单,U01820,是,是,女,数码,91,1,是,0,0,1
2023-03-08 00:00:00,O00000616,店铺下单,U01888,否,否,女,家居,184,1,否,0,0,1
2023-03-08 00:00:00,O00000617,直播下单,U00764,是,否,男,家居,39,1,是,0,0,1
2023-03-08 00:00:00,O00000618,店铺下单,U00101,否,否,男,服饰,183,1,否,0,0,1
2023-03-08 00:00:00,O00000619,直播下单,U00878,是,否,女,数码,170,1,否,0,1,1
2023-03-09 00:00:00,O00000620,店铺下单,U00097,否,否,女,服饰,137,1,是,0,0,1
2023-03-09 00:00:00,O00000621,店铺下单,U01785,否,否,男,数码,133,1,否,0,0,1
2023-03-09 00:00:00,O00000622,直播下单,U01685,否,否,男,数码,41,2,是,1,0,1
2023-03-09 00:00:00,O00000623,直播下单,U00783,否,是,女,数码,130,1,是,0,0,1
2023-03-09 00:00:00,O00000624,店铺下单,U00890,是,否,男,家居,64,1,是,0,0,1
2023-03-09 00:00:00,O00000625,直播下单,U01661,是,否,女,食品,126,1,否,0,0,0
2023-03-09 00:00:00,O00000626,店铺下单,U00549,是,否,男,服饰,127,1,否,0,0,0
2023-03-10 00:00:00,O00000627,店铺下单,U00131,否,是,女,家居,94,1,否,0,0,1
2023-03-10 00:00:00,O00000628,店铺下单,U00778,否,是,男,家居,40,1,是,0,0,0
2023-03-10 00:00:00,O00000629,直播下单,U00992,是,否,女,数码,179,1,否,0,0,1
2023-03-10 00:00:00,O00000630,店铺下单,U01133,否,否,女,数码,166,1,否,0,0,1
2023-03-10 00:00:00,O00000631,直播下单,U01757,是,否,女,服饰,57,1,否,0,0,1
2023-03-10 00:00:00,O00000632,店铺下单,U00955,是,是,男,服饰,47,3,是,0,1,1
2023-03-10 00:00:00,O00000633,直播下单,U01584,是,否,女,数码,96,1,否,0,0,1
2023-03-10 00:00:00,O00000634,直播下单,U01358,否,否,男,数码,141,1,否,0,0,1
2023-03-10 00:00:00,O00000635,店铺下单,U00058,否,否,女,食品,51,1,是,0,0,1
2023-03-10 00:00:00,O00000636,店铺下单,U01058,否,是,女,食品,67,1,否,0,1,1
2023-03-11 00:00:00,O00000637,直播下单,U01879,否,是,女,数码,84,2,否,0,0,1
2023-03-11 00:00:00,O00000638,店铺下单,U01277,是,否,女,数码,160,1,是,0,0,1
2023-03-11 00:00:00,O00000639,直播下单,U00162,是,是,男,服饰,144,1,否,0,0,1
2023-03-11 00:00:00,O00000640,店铺下单,U00821,是,是,女,食品,69,1,否,0,0,1
2023-03-11 00:00:00,O00000641,店铺下单,U00994,否,否,男,数码,42,1,是,0,0,1
2023-03-11 00:00:00,O00000642,店铺下单,U01955,是,否,男,家居,130,1,是,0,0,1
2023-03-11 00:00:00,O00000643,直播下单,U00353,否,否,男,数码,104,1,是,0,0,0
2023-03-11 00:00:00,O00000644,直播下单,U00560,否,否,男,食品,47,1,是,0,0,1
2023-03-11 00:00:00,O00000645,直播下单,U00492,否,否,男,家居,151,2,是,0,0,0
2023-03-11 00:00:00,O00000646,店铺下单,U01558,否,否,男,家居,73,1,是,0,0,0
2023-03-11 00:00:00,O00000647,直播下单,U00968,否,否,女,家居,81,1,是,0,0,1
2023-03-12 00:00:00,O00000648,店铺下单,U01998,否,否,男,食品,45,1,否,0,0,0
2023-03-12 00:00:00,O00000649,店铺下单,U01015,是,否,女,食品,169,1,否,0,0,0
2023-03-12 00:00:00,O00000650,店铺下单,U00818,是,是,男,食品,54,2,是,0,0,1
2023-03-12 00:00:00,O00000651,直播下单,U00853,是,否,男,家居,105,1,是,0,0,0
2023-03-12 00:00:00,O00000652,直播下单,U01140,否,是,男,服饰,58,1,否,0,0,1
2023-03-12 00:00:00,O00000653,店铺下单,U00030,是,是,男,食品,118,4,否,0,1,1
2023-03-12 00:00:00,O00000654,直播下单,U00861,否,是,女,服饰,91,2,否,0,0,1
2023-03-12 00:00:00,O00000655,店铺下单,U01561,否,否,男,家居,157,1,是,0,0,1
2023-03-12 00:00:00,O00000656,直播下单,U01263,否,否,女,服饰,49,1,否,0,0,1
2023-03-13 00:00:00,O00000657,直播下单,U01867,否,是,女,服饰,48,1,否,0,0,1
2023-03-13 00:00:00,O00000658,直播下单,U00955,是,是,女,服饰,148,1,是,0,0,0
2023-03-13 00:00:00,O00000659,直播下单,U01334,否,否,男,服饰,159,1,是,0,0,1
2023-03-13 00:00:00,O00000660,店铺下单,U00619,否,否,女,食品,92,1,否,1,0,0
2023-03-13 00:00:00,O00000661,直播下单,U00949,否,是,女,服饰,58,1,否,0,0,1
2023-03-13 00:00:00,O00000662,直播下单,U01216,否,否,男,数码,151,4,是,0,0,1
2023-03-13 00:00:00,O00000663,直播下单,U00948,否,是,女,数码,51,1,否,0,0,1
2023-03-13 00:00:00,O00000664,店铺下单,U00339,是,是,男,数码,77,1,否,0,0,0
2023-03-13 00:00:00,O00000665,直播下单,U00960,是,否,女,食品,134,1,否,0,0,1
2023-03-14 00:00:00,O00000666,直播下单,U01750,否,否,女,服饰,187,1,是,0,0,0
2023-03-14 00:00:00,O00000667,店铺下单,U00471,否,否,男,服饰,85,1,否,0,0,0
2023-03-14 00:00:00,O00000668,直播下单,U01549,否,否,女,服饰,89,1,是,0,0,1
2023-03-14 00:00:00,O00000669,店铺下单,U00192,否,否,女,家居,41,1,是,0,0,0
2023-03-14 00:00:00,O00000670,直播下单,U01295,否,否,男,数码,73,1,否,0,0,1
2023-03-14 00:00:00,O00000671,直播下单,U00515,否,否,女,数码,119,1,否,0,1,1
2023-03-14 00:00:00,O00000672,店铺下单,U00759,否,否,女,服饰,43,1,否,0,0,1
2023-03-14 00:00:00,O00000673,店铺下单,U00909,否,否,女,数码,133,1,是,0,0,0
2023-03-14 00:00:00,O00000674,直播下单,U00182,是,否,男,服饰,63,1,否,0,0,0
2023-03-14 00:00:00,O00000675,直播下单,U00330,是,否,男,食品,76,1,否,0,1,0
2023-03-15 00:00:00,O00000676,店铺下单,U01494,否,否,女,服饰,139,1,是,0,0,0
2023-03-15 00:00:00,O00000677,店铺下单,U01474,否,否,女,数码,41,1,否,0,0,1
2023-03-15 00:00:00,O00000678,店铺下单,U00875,是,否,女,家居,112,1,是,0,0,0
2023-03-15 00:00:00,O00000679,店铺下单,U00541,否,否,男,服饰,82,1,是,0,0,1
2023-03-15 00:00:00,O00000680,直播下单,U01027,否,是,女,数码,158,3,是,0,0,1
2023-03-15 00:00:00,O00000681,直播下单,U01287,是,否,男,数码,172,1,否,0,0,1
2023-03-15 00:00:00,O00000682,店铺下单,U00567,是,否,女,服饰,155,2,是,0,0,1
2023-03-15 00:00:00,O00000683,直播下单,U00111,是,是,女,家居,156,1,否,0,0,1
2023-03-15 00:00:00,O00000684,直播下单,U01532,否,否,男,服饰,196,1,否,0,0,1
2023-03-15 00:00:00,O00000685,直播下单,U00515,否,否,女,食品,168,4,是,0,0,1
2023-03-15 00:00:00,O00000686,店铺下单,U00169,否,否,男,服饰,61,1,是,0,0,1
2023-03-15 00:00:00,O00000687,店铺下单,U01938,否,是,男,服饰,117,1,是,0,0,1
2023-03-15 00:00:00,O00000688,直播下单,U01814,否,是,女,数码,120,1,是,0,0,1
2023-03-16 00:00:00,O00000689,店铺下单,U00213,是,否,女,家居,56,1,否,0,0,0
2023-03-16 00:00:00,O00000690,直播下单,U01087,否,是,男,家居,195,2,是,0,0,1
2023-03-16 00:00:00,O00000691,直播下单,U01331,是,否,女,数码,182,1,否,0,1,1
2023-03-16 00:00:00,O00000692,店铺下单,U00062,是,否,男,食品,91,1,否,0,0,0
2023-03-16 00:00:00,O00000693,直播下单,U01519,否,否,男,服饰,177,1,否,0,0,0
2023-03-16 00:00:00,O00000694,店铺下单,U00296,否,是,男,家居,136,1,否,1,0,1
2023-03-16 00:00:00,O00000695,直播下单,U01895,是,否,女,服饰,179,1,否,0,0,1
2023-03-16 00:00:00,O00000696,店铺下单,U01453,否,否,女,家居,141,1,是,0,0,1
2023-03-16 00:00:00,O00000697,直播下单,U01201,是,否,女,服饰,152,1,是,0,0,1
2023-03-16 00:00:00,O00000698,店铺下单,U00733,否,否,女,家居,150,1,否,0,0,1
2023-03-16 00:00:00,O00000699,店铺下单,U01549,否,否,男,数码,66,2,是,0,1,1
2023-03-17 00:00:00,O00000700,店铺下单,U00145,否,否,女,数码,76,1,否,0,1,1
2023-03-17 00:00:00,O00000701,直播下单,U00153,是,否,男,食品,177,1,否,0,0,1
2023-03-17 00:00:00,O00000702,直播下单,U01371,否,否,女,数码,121,1,否,0,0,1
2023-03-17 00:00:00,O00000703,直播下单,U00149,是,否,男,数码,71,1,是,0,0,0
2023-03-17 00:00:00,O00000704,直播下单,U01635,是,是,女,数码,133,1,是,0,0,1
2023-03-17 00:00:00,O00000705,直播下单,U00149,否,否,男,服饰,134,1,是,0,0,1
2023-03-17 00:00:00,O00000706,店铺下单,U01489,是,否,女,数码,44,1,否,0,0,1
2023-03-17 00:00:00,O00000707,直播下单,U01442,否,否,女,服饰,125,1,否,0,0,1
2023-03-17 00:00:00,O00000708,店铺下单,U01468,否,否,女,家居,147,1,是,0,0,1
2023-03-17 00:00:00,O00000709,直播下单,U01375,否,是,女,家居,57,1,否,0,0,1
2023-03-17 00:00:00,O00000710,直播下单,U00320,否,否,女,数码,172,1,否,0,0,1
2023-03-18 00:00:00,O00000711,店铺下单,U01100,否,否,女,食品,39,2,否,0,1,1
2023-03-18 00:00:00,O00000712,店铺下单,U00491,否,否,女,服饰,93,1,是,0,0,1
2023-03-18 00:00:00,O00000713,店铺下单,U00733,否,否,男,服饰,188,1,否,0,0,1
2023-03-18 00:00:00,O00000714,直播下单,U00132,否,否,男,食品,119,1,是,0,0,0
2023-03-18 00:00:00,O00000715,直播下单,U00968,是,否,女,家居,134,1,是,0,0,1
2023-03-18 00:00:00,O00000716,店铺下单,U01572,是,否,男,家居,187,1,是,0,0,1
2023-03-18 00:00:00,O00000717,店铺下单,U00458,否,否,女,数码,186,1,是,0,0,1
2023-03-18 00:00:00,O00000718,店铺下单,U01675,否,是,男,数码,163,1,是,0,0,0
2023-03-19 00:00:00,O00000719,直播下单,U01990,否,否,男,家居,191,1,否,0,0,1
2023-03-19 00:00:00,O00000720,直播下单,U01876,否,是,男,家居,184,1,否,0,0,1
2023-03-19 00:00:00,O00000721,直播下单,U00262,否,否,男,食品,155,1,否,0,0,1
2023-03-19 00:00:00,O00000722,直播下单,U00469,否,否,女,家居,87,2,是,1,1,0
2023-03-19 00:00:00,O00000723,直播下单,U01641,否,否,女,家居,56,1,否,0,0,0
2023-03-19 00:00:00,O00000724,直播下单,U00785,否,是,男,家居,176,1,否,0,0,1
2023-03-19 00:00:00,O00000725,直播下单,U01202,是,是,男,服饰,107,1,是,0,0,0
2023-03-19 00:00:00,O00000726,直播下单,U01678,否,否,男,食品,170,2,否,0,0,0
2023-03-19 00:00:00,O00000727,直播下单,U01239,否,是,女,家居,148,1,否,0,0,0
2023-03-19 00:00:00,O00000728,店铺下单,U00456,否,否,男,数码,123,1,是,0,0,0
2023-03-19 00:00:00,O00000729,直播下单,U01172,否,是,女,家居,174,2,否,0,0,1
2023-03-19 00:00:00,O00000730,店铺下单,U01232,是,是,男,食品,113,1,否,0,0,1
2023-03-19 00:00:00,O00000731,直播下单,U00878,否,否,女,服饰,138,1,是,0,0,1
2023-03-19 00:00:00,O00000732,直播下单,U00516,是,否,男,数码,143,1,否,0,0,1
2023-03-19 00:00:00,O00000733,店铺下单,U01360,否,否,女,家居,120,1,是,0,0,1
2023-03-20 00:00:00,O00000734,店铺下单,U00157,否,否,女,服饰,198,1,否,0,0,1
2023-03-20 00:00:00,O00000735,直播下单,U00784,否,否,男,食品,164,1,否,0,0,1
2023-03-20 00:00:00,O00000736,店铺下单,U01573,否,否,女,服饰,66,1,是,0,0,1
2023-03-20 00:00:00,O00000737,直播下单,U00290,是,否,男,食品,75,1,是,0,0,1
2023-03-20 00:00:00,O00000738,店铺下单,U00580,否,否,男,数码,99,1,否,0,0,1
2023-03-20 00:00:00,O00000739,店铺下单,U01331,是,否,女,家居,159,2,否,0,0,1
2023-03-20 00:00:00,O00000740,直播下单,U01826,否,否,男,数码,78,3,否,0,0,1
2023-03-21 00:00:00,O00000741,店铺下单,U00488,否,否,男,食品,75,1,否,0,0,1
2023-03-21 00:00:00,O00000742,直播下单,U00432,否,否,女,家居,72,1,否,0,1,1
2023-03-21 00:00:00,O00000743,店铺下单,U00588,是,否,男,服饰,132,1,否,0,0,1
2023-03-21 00:00:00,O00000744,直播下单,U00580,是,否,女,数码,130,1,否,0,0,0
2023-03-21 00:00:00,O00000745,直播下单,U01739,否,否,女,家居,98,2,否,0,0,1
2023-03-21 00:00:00,O00000746,直播下单,U00922,否,否,女,食品,60,1,是,0,0,0
2023-03-21 00:00:00,O00000747,店铺下单,U00613,是,否,男,数码,107,1,是,0,0,1
2023-03-21 00:00:00,O00000748,直播下单,U00323,否,否,女,家居,151,2,是,0,1,0
2023-03-21 00:00:00,O00000749,直播下单,U01633,否,否,男,家居,154,1,是,0,0,0
2023-03-21 00:00:00,O00000750,店铺下单,U01265,否,是,女,数码,45,1,否,0,0,0
2023-03-21 00:00:00,O00000751,直播下单,U00720,是,否,女,数码,43,2,否,0,0,1
2023-03-21 00:00:00,O00000752,直播下单,U01766,否,否,女,家居,54,1,否,0,0,1
2023-03-21 00:00:00,O00000753,店铺下单,U01966,是,否,男,数码,80,1,是,0,0,1
2023-03-22 00:00:00,O00000754,店铺下单,U00334,否,否,男,食品,157,1,是,0,0,1
2023-03-22 00:00:00,O00000755,店铺下单,U00039,否,否,女,食品,152,1,是,0,0,0
2023-03-22 00:00:00,O00000756,店铺下单,U01596,否,否,女,食品,67,1,否,0,0,1
2023-03-22 00:00:00,O00000757,直播下单,U01723,否,否,女,食品,56,1,否,0,0,1
2023-03-22 00:00:00,O00000758,直播下单,U00480,是,否,男,家居,65,1,否,0,0,1
2023-03-22 00:00:00,O00000759,直播下单,U00756,否,否,男,家居,171,1,是,0,0,1
2023-03-22 00:00:00,O00000760,店铺下单,U01791,是,否,女,服饰,103,3,是,0,0,1
2023-03-22 00:00:00,O00000761,直播下单,U00596,是,否,女,服饰,137,1,是,0,0,1
2023-03-22 00:00:00,O00000762,直播下单,U00516,否,否,女,家居,63,1,否,0,0,1
2023-03-22 00:00:00,O00000763,店铺下单,U01883,是,否,男,家居,172,1,否,0,0,1
2023-03-22 00:00:00,O00000764,直播下单,U00046,否,是,男,服饰,115,2,是,0,0,1
2023-03-22 00:00:00,O00000765,直播下单,U01956,否,否,男,服饰,139,2,否,0,0,1
2023-03-22 00:00:00,O00000766,直播下单,U01034,否,否,男,食品,147,3,否,0,0,0
2023-03-22 00:00:00,O00000767,店铺下单,U00550,否,否,女,家居,97,1,是,0,0,1
2023-03-22 00:00:00,O00000768,店铺下单,U00621,否,是,女,服饰,40,1,否,0,0,1
2023-03-22 00:00:00,O00000769,店铺下单,U01997,否,否,男,服饰,132,1,否,1,0,1
2023-03-22 00:00:00,O00000770,店铺下单,U01460,否,是,女,家居,145,1,否,0,0,1
2023-03-23 00:00:00,O00000771,店铺下单,U01348,否,否,女,数码,46,1,否,0,0,1
2023-03-23 00:00:00,O00000772,店铺下单,U01838,否,否,女,食品,95,1,否,0,0,1
2023-03-23 00:00:00,O00000773,直播下单,U00118,否,否,男,食品,198,2,是,0,0,1
2023-03-23 00:00:00,O00000774,店铺下单,U01824,否,是,女,食品,108,1,否,0,0,1
2023-03-23 00:00:00,O00000775,店铺下单,U01640,否,否,女,服饰,198,1,否,0,0,0
2023-03-23 00:00:00,O00000776,直播下单,U01554,否,是,女,服饰,166,1,否,0,1,1
2023-03-23 00:00:00,O00000777,店铺下单,U01122,否,否,女,家居,113,1,否,0,0,1
2023-03-23 00:00:00,O00000778,店铺下单,U00271,否,是,男,服饰,169,1,否,0,0,0
2023-03-23 00:00:00,O00000779,店铺下单,U01305,否,否,女,数码,58,4,否,0,0,1
2023-03-23 00:00:00,O00000780,直播下单,U01510,否,否,女,家居,49,1,是,0,0,1
2023-03-24 00:00:00,O00000781,直播下单,U01602,是,是,男,家居,80,1,否,0,0,1
2023-03-24 00:00:00,O00000782,直播下单,U01335,否,否,女,食品,158,1,否,0,0,1
2023-03-24 00:00:00,O00000783,直播下单,U00079,否,否,女,服饰,115,1,否,0,0,1
2023-03-24 00:00:00,O00000784,直播下单,U01473,否,否,女,食品,68,1,是,0,0,0
2023-03-24 00:00:00,O00000785,直播下单,U01416,是,否,女,家居,150,1,否,0,0,1
2023-03-24 00:00:00,O00000786,店铺下单,U00304,是,否,女,家居,105,1,否,1,0,1
2023-03-24 00:00:00,O00000787,店铺下单,U01102,是,否,男,数码,60,1,否,0,0,1
2023-03-24 00:00:00,O00000788,直播下单,U01628,否,否,男,家居,159,1,是,0,0,1
2023-03-24 00:00:00,O00000789,直播下单,U01379,否,否,女,食品,61,1,否,0,0,1
2023-03-24 00:00:00,O00000790,店铺下单,U00997,是,否,男,数码,119,1,是,0,0,1
2023-03-24 00:00:00,O00000791,店铺下单,U00704,否,是,女,数码,79,3,否,0,1,1
2023-03-24 00:00:00,O00000792,店铺下单,U01316,否,否,女,数码,130,1,是,0,0,1
2023-03-25 00:00:00,O00000793,店铺下单,U01912,否,否,女,食品,110,2,否,0,0,1
2023-03-25 00:00:00,O00000794,店铺下单,U00360,否,否,女,数码,64,1,否,0,1,1
2023-03-25 00:00:00,O00000795,直播下单,U01315,否,是,女,数码,179,1,否,0,0,0
2023-03-25 00:00:00,O00000796,店铺下单,U01761,否,是,男,服饰,41,1,否,0,0,0
2023-03-25 00:00:00,O00000797,店铺下单,U01564,否,是,女,家居,161,1,否,0,0,1
2023-03-25 00:00:00,O00000798,直播下单,U01652,是,否,女,食品,109,2,是,0,0,1
2023-03-25 00:00:00,O00000799,直播下单,U01044,否,是,女,家居,146,1,是,0,0,1
2023-03-25 00:00:00,O00000800,店铺下单,U00385,是,否,男,数码,147,1,否,0,0,1
2023-03-26 00:00:00,O00000801,直播下单,U01892,是,否,女,数码,57,2,否,0,0,0
2023-03-26 00:00:00,O00000802,直播下单,U00260,是,是,男,数码,120,1,否,0,0,1
2023-03-26 00:00:00,O00000803,店铺下单,U01330,否,是,男,食品,60,1,否,0,0,1
2023-03-26 00:00:00,O00000804,直播下单,U00396,否,是,女,数码,180,1,是,0,0,1
2023-03-26 00:00:00,O00000805,店铺下单,U01175,否,否,女,数码,127,1,是,0,1,1
2023-03-26 00:00:00,O00000806,店铺下单,U00406,否,否,女,数码,134,1,否,0,0,0
2023-03-26 00:00:00,O00000807,店铺下单,U00438,否,否,女,食品,47,1,否,0,0,1
2023-03-26 00:00:00,O00000808,直播下单,U00464,否,否,男,家居,62,1,否,0,0,1
2023-03-26 00:00:00,O00000809,直播下单,U01354,是,否,男,数码,180,1,否,0,0,1
2023-03-27 00:00:00,O00000810,店铺下单,U01860,否,是,男,服饰,157,1,否,0,0,1
2023-03-27 00:00:00,O00000811,店铺下单,U01342,否,是,女,数码,174,1,是,0,0,1
2023-03-27 00:00:00,O00000812,店铺下单,U01859,否,否,男,食品,92,1,否,0,0,0
2023-03-27 00:00:00,O00000813,店铺下单,U01797,否,否,女,服饰,64,1,否,0,0,1
2023-03-27 00:00:00,O00000814,店铺下单,U01816,是,否,男,家居,121,1,是,0,0,1
2023-03-27 00:00:00,O00000815,店铺下单,U01255,否,否,女,数码,88,1,否,0,1,1
2023-03-27 00:00:00,O00000816,店铺下单,U01152,是,是,男,数码,71,1,是,0,0,1
2023-03-27 00:00:00,O00000817,直播下单,U00764,是,否,女,家居,122,1,否,0,0,1
2023-03-27 00:00:00,O00000818,直播下单,U01828,是,否,女,服饰,95,1,是,0,1,1
2023-03-27 00:00:00,O00000819,直播下单,U01762,否,否,女,家居,103,1,是,1,0,1
2023-03-28 00:00:00,O00000820,直播下单,U01124,否,否,女,数码,153,1,是,0,0,1
2023-03-28 00:00:00,O00000821,直播下单,U00088,是,是,男,家居,151,1,否,0,0,1
2023-03-28 00:00:00,O00000822,直播下单,U01668,是,否,女,食品,144,2,是,0,0,1
2023-03-28 00:00:00,O00000823,店铺下单,U01540,是,否,女,家居,60,2,否,0,0,1
2023-03-28 00:00:00,O00000824,直播下单,U00327,否,否,女,家居,94,2,否,0,0,1
2023-03-28 00:00:00,O00000825,直播下单,U01206,是,是,男,数码,63,1,否,1,0,1
2023-03-28 00:00:00,O00000826,店铺下单,U01121,否,否,女,服饰,90,1,否,0,0,0
2023-03-28 00:00:00,O00000827,直播下单,U00376,是,否,男,数码,172,1,否,0,0,1
2023-03-28 00:00:00,O00000828,店铺下单,U00595,是,否,男,数码,53,1,是,0,0,1
2023-03-29 00:00:00,O00000829,直播下单,U01510,否,否,男,食品,132,1,否,0,0,1
2023-03-29 00:00:00,O00000830,直播下单,U01399,否,否,男,数码,42,2,是,0,0,1
2023-03-29 00:00:00,O00000831,店铺下单,U01799,否,否,男,家居,79,1,是,0,1,1
2023-03-29 00:00:00,O00000832,直播下单,U01015,否,否,女,服饰,180,2,否,0,0,1
2023-03-29 00:00:00,O00000833,直播下单,U00463,是,否,男,服饰,193,1,否,0,0,1
2023-03-29 00:00:00,O00000834,直播下单,U00903,是,否,男,服饰,92,2,是,0,0,1
2023-03-29 00:00:00,O00000835,直播下单,U01403,是,否,男,家居,97,1,否,0,0,1
2023-03-29 00:00:00,O00000836,直播下单,U00878,否,否,女,服饰,88,1,是,0,0,0
2023-03-29 00:00:00,O00000837,店铺下单,U01980,是,是,女,家居,62,1,是,0,0,0
2023-03-29 00:00:00,O00000838,直播下单,U01874,是,否,女,数码,39,4,否,0,0,0
2023-03-29 00:00:00,O00000839,直播下单,U00902,否,否,男,家居,57,1,是,0,0,1
2023-03-29 00:00:00,O00000840,直播下单,U00101,是,是,女,家居,193,1,否,0,0,0
2023-03-30 00:00:00,O00000841,店铺下单,U00724,否,是,男,数码,199,1,否,0,0,0
2023-03-30 00:00:00,O00000842,直播下单,U01891,是,否,女,服饰,116,1,否,0,0,1
2023-03-30 00:00:00,O00000843,店铺下单,U00691,否,否,男,家居,175,1,否,0,0,1
2023-03-30 00:00:00,O00000844,店铺下单,U00898,是,否,男,数码,196,1,否,0,0,1
2023-03-30 00:00:00,O00000845,店铺下单,U00361,是,否,男,食品,178,1,否,0,0,1
2023-03-30 00:00:00,O00000846,直播下单,U01402,否,否,男,食品,60,1,否,0,0,1
2023-03-30 00:00:00,O00000847,直播下单,U01836,是,否,男,数码,170,1,否,0,0,1
2023-03-30 00:00:00,O00000848,店铺下单,U00737,否,否,女,数码,135,1,是,0,0,0
2023-03-30 00:00:00,O00000849,店铺下单,U00224,否,否,女,家居,143,2,否,0,0,1
2023-03-30 00:00:00,O00000850,直播下单,U00881,否,是,男,食品,166,1,否,0,0,1
2023-03-30 00:00:00,O00000851,直播下单,U01254,否,否,女,数码,141,1,否,0,0,0
2023-03-31 00:00:00,O00000852,直播下单,U01336,否,否,女,家居,124,1,否,0,0,1
2023-03-31 00:00:00,O00000853,直播下单,U01503,否,是,男,数码,137,1,否,0,0,0
2023-03-31 00:00:00,O00000854,直播下单,U00656,是,否,女,食品,67,1,否,0,0,1
2023-03-31 00:00:00,O00000855,直播下单,U00250,否,否,女,数码,145,3,是,0,0,1
2023-03-31 00:00:00,O00000856,直播下单,U00994,否,否,男,数码,58,1,是,0,0,0
2023-03-31 00:00:00,O00000857,直播下单,U01005,是,否,女,家居,150,1,否,0,0,1
2023-03-31 00:00:00,O00000858,直播下单,U00360,否,是,男,家居,183,1,是,0,0,1
2023-03-31 00:00:00,O00000859,店铺下单,U00885,否,否,女,服饰,178,1,是,0,0,1
2023-03-31 00:00:00,O00000860,店铺下单,U00336,否,是,女,家居,143,1,是,0,0,1
2023-03-31 00:00:00,O00000861,直播下单,U01654,是,否,女,食品,179,1,是,0,0,1
2023-03-31 00:00:00,O00000862,直播下单,U01591,是,否,女,服饰,150,1,是,0,0,0
2023-03-31 00:00:00,O00000863,店铺下单,U00061,是,是,女,服饰,136,1,是,0,0,1
2023-03-31 00:00:00,O00000864,店铺下单,U00764,否,是,女,服饰,74,1,是,0,0,1
2023-03-31 00:00:00,O00000865,直播下单,U01148,是,否,男,家居,45,4,是,0,0,1
2023-04-01 00:00:00,O00000866,直播下单,U01687,否,是,男,数码,74,2,是,0,0,1
2023-04-01 00:00:00,O00000867,直播下单,U01062,否,否,男,家居,75,1,否,0,0,1
2023-04-01 00:00:00,O00000868,直播下单,U00653,否,否,女,服饰,198,1,是,0,0,1
2023-04-01 00:00:00,O00000869,直播下单,U01485,否,否,男,家居,125,1,是,0,0,1
2023-04-01 00:00:00,O00000870,直播下单,U00512,是,否,男,数码,163,1,否,1,0,1
2023-04-01 00:00:00,O00000871,店铺下单,U00148,否,否,女,数码,102,1,否,0,0,1
2023-04-01 00:00:00,O00000872,直播下单,U01890,否,否,女,服饰,113,1,是,0,0,1
2023-04-01 00:00:00,O00000873,店铺下单,U01023,否,否,女,数码,43,1,否,0,0,1
2023-04-01 00:00:00,O00000874,店铺下单,U01401,是,否,女,家居,73,1,是,0,0,1
2023-04-01 00:00:00,O00000875,店铺下单,U00710,是,否,男,食品,175,1,否,0,1,1
2023-04-01 00:00:00,O00000876,店铺下单,U00437,是,是,女,服饰,156,1,否,0,0,1
2023-04-01 00:00:00,O00000877,直播下单,U00818,是,是,女,服饰,42,1,是,0,0,1
2023-04-01 00:00:00,O00000878,直播下单,U01037,否,否,女,家居,79,1,否,0,0,1
2023-04-01 00:00:00,O00000879,店铺下单,U01076,否,否,女,数码,176,1,是,0,0,1
2023-04-01 00:00:00,O00000880,直播下单,U00207,是,否,男,数码,133,3,否,0,0,0
2023-04-02 00:00:00,O00000881,店铺下单,U00457,否,否,男,数码,65,1,否,0,0,0
2023-04-02 00:00:00,O00000882,直播下单,U00851,否,否,女,家居,143,2,是,0,0,1
2023-04-02 00:00:00,O00000883,店铺下单,U01001,是,否,男,食品,191,1,否,0,0,1
2023-04-02 00:00:00,O00000884,直播下单,U01694,否,是,男,服饰,193,2,是,0,0,1
2023-04-02 00:00:00,O00000885,店铺下单,U00294,否,否,男,服饰,166,1,否,0,0,1
2023-04-02 00:00:00,O00000886,店铺下单,U00458,否,是,女,食品,134,2,是,1,0,1
2023-04-02 00:00:00,O00000887,直播下单,U00808,否,否,男,家居,62,1,否,0,0,0
2023-04-02 00:00:00,O00000888,直播下单,U01254,否,是,女,服饰,158,1,是,0,0,1
2023-04-02 00:00:00,O00000889,直播下单,U00020,否,是,女,服饰,135,1,否,0,0,1
2023-04-02 00:00:00,O00000890,店铺下单,U00918,否,否,女,服饰,169,3,是,0,0,1
2023-04-02 00:00:00,O00000891,店铺下单,U00822,是,是,女,数码,45,1,是,0,0,0
2023-04-02 00:00:00,O00000892,直播下单,U00281,否,否,女,家居,56,1,否,1,0,1
2023-04-02 00:00:00,O00000893,直播下单,U01844,否,否,男,数码,145,1,否,0,0,1
2023-04-03 00:00:00,O00000894,直播下单,U00890,是,是,男,服饰,75,1,否,0,0,1
2023-04-03 00:00:00,O00000895,直播下单,U00051,否,否,女,食品,103,1,是,0,0,1
2023-04-03 00:00:00,O00000896,店铺下单,U01312,否,否,男,服饰,119,1,是,0,1,1
2023-04-03 00:00:00,O00000897,店铺下单,U01014,否,否,男,家居,70,1,否,0,0,1
2023-04-03 00:00:00,O00000898,直播下单,U01129,是,是,女,数码,177,2,否,0,0,1
2023-04-03 00:00:00,O00000899,店铺下单,U00455,否,否,男,数码,156,2,否,0,0,1
2023-04-03 00:00:00,O00000900,直播下单,U00090,否,否,女,服饰,96,1,否,0,0,1
2023-04-03 00:00:00,O00000901,直播下单,U00094,否,是,男,家居,190,1,否,1,1,1
2023-04-03 00:00:00,O00000902,直播下单,U01010,否,否,男,数码,179,1,是,0,0,1
2023-04-03 00:00:00,O00000903,直播下单,U01668,否,否,男,服饰,185,1,是,0,0,1
2023-04-03 00:00:00,O00000904,直播下单,U01389,否,否,男,食品,58,1,否,0,1,1
2023-04-04 00:00:00,O00000905,直播下单,U01358,否,是,女,服饰,40,1,否,0,0,1
2023-04-04 00:00:00,O00000906,店铺下单,U01112,否,否,女,服饰,109,1,否,0,0,0
2023-04-04 00:00:00,O00000907,店铺下单,U00698,否,是,男,家居,118,1,是,0,0,1
2023-04-04 00:00:00,O00000908,直播下单,U01689,是,是,男,数码,118,2,否,0,0,0
2023-04-04 00:00:00,O00000909,店铺下单,U01187,是,否,男,服饰,53,1,否,0,0,0
2023-04-04 00:00:00,O00000910,直播下单,U01206,否,否,女,食品,149,1,是,0,0,1
2023-04-05 00:00:00,O00000911,店铺下单,U01261,是,否,男,服饰,188,1,否,0,0,0
2023-04-05 00:00:00,O00000912,直播下单,U00856,否,否,女,服饰,108,1,否,0,0,1
2023-04-05 00:00:00,O00000913,直播下单,U01907,否,是,女,数码,65,1,是,0,0,1
2023-04-05 00:00:00,O00000914,直播下单,U00311,否,是,女,食品,186,1,否,0,0,1
2023-04-05 00:00:00,O00000915,直播下单,U01895,否,否,女,食品,151,1,否,1,0,0
2023-04-05 00:00:00,O00000916,直播下单,U01052,否,否,男,数码,123,2,是,0,0,0
2023-04-05 00:00:00,O00000917,直播下单,U01359,否,否,女,食品,67,1,是,0,0,1
2023-04-05 00:00:00,O00000918,直播下单,U01096,否,否,男,服饰,101,1,否,0,0,1
2023-04-05 00:00:00,O00000919,直播下单,U01677,否,否,女,服饰,71,1,否,0,0,1
2023-04-05 00:00:00,O00000920,直播下单,U01532,否,否,女,数码,99,4,是,0,0,0
2023-04-05 00:00:00,O00000921,直播下单,U00954,否,是,女,数码,168,1,是,0,0,1
2023-04-06 00:00:00,O00000922,直播下单,U00298,否,否,男,食品,174,2,否,0,0,0
2023-04-06 00:00:00,O00000923,直播下单,U00172,否,是,女,家居,192,1,否,0,0,1
2023-04-06 00:00:00,O00000924,店铺下单,U01806,否,否,女,食品,188,1,否,0,0,0
2023-04-06 00:00:00,O00000925,直播下单,U00413,是,否,男,服饰,57,1,否,0,0,1
2023-04-06 00:00:00,O00000926,直播下单,U01784,否,否,女,服饰,191,1,是,0,0,1
2023-04-06 00:00:00,O00000927,直播下单,U00761,是,否,女,家居,40,1,否,0,0,1
2023-04-06 00:00:00,O00000928,店铺下单,U02000,否,否,女,食品,199,1,是,0,0,1
2023-04-07 00:00:00,O00000929,店铺下单,U01203,否,否,男,数码,180,4,否,0,0,0
2023-04-07 00:00:00,O00000930,直播下单,U00694,是,否,男,家居,150,1,否,0,0,0
2023-04-07 00:00:00,O00000931,直播下单,U00188,否,是,男,数码,70,1,是,0,0,0
2023-04-07 00:00:00,O00000932,直播下单,U00024,否,否,女,服饰,156,1,否,0,0,1
2023-04-07 00:00:00,O00000933,直播下单,U01323,否,否,女,食品,160,1,是,0,0,0
2023-04-07 00:00:00,O00000934,直播下单,U00523,否,否,男,家居,142,1,否,0,0,1
2023-04-07 00:00:00,O00000935,店铺下单,U00219,是,否,女,服饰,41,1,是,0,0,1
2023-04-07 00:00:00,O00000936,直播下单,U01791,是,否,男,服饰,58,1,是,0,0,1
2023-04-07 00:00:00,O00000937,直播下单,U00039,否,否,男,食品,67,1,否,0,0,1
2023-04-07 00:00:00,O00000938,店铺下单,U01722,否,否,女,家居,114,1,否,1,0,0
2023-04-08 00:00:00,O00000939,直播下单,U00878,否,否,男,服饰,192,1,否,0,0,1
2023-04-08 00:00:00,O00000940,店铺下单,U01701,否,否,男,数码,85,1,是,0,0,1
2023-04-08 00:00:00,O00000941,直播下单,U01411,否,否,女,服饰,67,2,否,1,0,1
2023-04-08 00:00:00,O00000942,店铺下单,U01974,是,否,男,食品,120,1,是,0,0,0
2023-04-08 00:00:00,O00000943,直播下单,U00409,否,否,女,数码,72,1,是,0,0,1
2023-04-08 00:00:00,O00000944,直播下单,U00326,否,是,男,食品,102,1,否,0,0,1
2023-04-08 00:00:00,O00000945,直播下单,U00646,是,否,女,数码,68,1,是,0,0,1
2023-04-08 00:00:00,O00000946,直播下单,U00041,是,否,男,服饰,157,1,否,0,0,1
2023-04-08 00:00:00,O00000947,店铺下单,U00415,是,否,女,数码,147,1,否,0,0,1
2023-04-08 00:00:00,O00000948,直播下单,U00520,否,否,男,家居,157,1,否,0,0,1
2023-04-08 00:00:00,O00000949,直播下单,U01761,是,否,男,数码,88,1,否,0,0,1
2023-04-09 00:00:00,O00000950,店铺下单,U01089,否,否,男,数码,113,1,是,0,0,0
2023-04-09 00:00:00,O00000951,直播下单,U01943,否,否,男,食品,82,1,是,0,0,1
2023-04-09 00:00:00,O00000952,店铺下单,U01588,否,否,男,家居,74,1,否,0,0,1
2023-04-09 00:00:00,O00000953,店铺下单,U00785,是,否,女,服饰,180,1,否,0,0,0
2023-04-10 00:00:00,O00000954,店铺下单,U00489,否,是,男,家居,181,1,否,0,0,1
2023-04-10 00:00:00,O00000955,直播下单,U01575,是,否,男,服饰,180,1,否,0,0,1
2023-04-10 00:00:00,O00000956,直播下单,U01212,否,是,女,家居,110,1,是,0,0,1
2023-04-10 00:00:00,O00000957,直播下单,U01225,是,是,女,服饰,69,4,是,0,1,1
2023-04-10 00:00:00,O00000958,店铺下单,U01174,否,否,女,家居,140,1,是,0,0,1
2023-04-10 00:00:00,O00000959,店铺下单,U01389,是,是,男,服饰,87,2,是,0,0,1
2023-04-10 00:00:00,O00000960,直播下单,U00422,是,否,男,服饰,148,1,否,0,0,1
2023-04-10 00:00:00,O00000961,直播下单,U01937,否,否,女,服饰,166,1,否,0,0,1
2023-04-10 00:00:00,O00000962,店铺下单,U01673,是,否,男,数码,55,1,否,0,0,1
2023-04-10 00:00:00,O00000963,直播下单,U01577,是,否,男,数码,88,1,否,0,0,1
2023-04-10 00:00:00,O00000964,直播下单,U00346,否,是,男,服饰,153,1,是,0,0,0
2023-04-11 00:00:00,O00000965,直播下单,U00537,是,否,男,家居,72,1,否,0,0,1
2023-04-11 00:00:00,O00000966,直播下单,U00201,是,否,男,数码,113,1,否,0,0,1
2023-04-11 00:00:00,O00000967,店铺下单,U00102,否,否,男,服饰,166,1,否,0,0,1
2023-04-11 00:00:00,O00000968,店铺下单,U00856,否,否,女,数码,107,1,否,0,0,0
2023-04-11 00:00:00,O00000969,直播下单,U01117,是,否,女,数码,77,1,否,1,1,1
2023-04-11 00:00:00,O00000970,店铺下单,U00184,否,是,男,家居,71,1,是,0,0,1
2023-04-11 00:00:00,O00000971,店铺下单,U00788,否,否,女,家居,81,1,是,0,0,1
2023-04-11 00:00:00,O00000972,直播下单,U00556,否,是,女,食品,159,1,否,0,0,1
2023-04-11 00:00:00,O00000973,直播下单,U01700,否,否,女,食品,150,1,否,0,0,1
2023-04-11 00:00:00,O00000974,直播下单,U00329,否,否,女,服饰,145,1,否,0,0,1
2023-04-11 00:00:00,O00000975,店铺下单,U00501,是,是,女,服饰,108,1,否,0,0,0
2023-04-11 00:00:00,O00000976,店铺下单,U01721,是,是,男,服饰,89,1,是,0,0,1
2023-04-11 00:00:00,O00000977,直播下单,U01843,否,否,女,食品,160,1,否,0,0,1
2023-04-11 00:00:00,O00000978,店铺下单,U00722,是,否,男,数码,139,2,否,0,0,1
2023-04-11 00:00:00,O00000979,店铺下单,U01978,否,否,女,食品,141,1,否,0,0,0
2023-04-11 00:00:00,O00000980,直播下单,U01371,是,否,女,服饰,81,1,否,0,0,1
2023-04-12 00:00:00,O00000981,直播下单,U01840,否,否,男,数码,39,1,是,0,0,1
2023-04-12 00:00:00,O00000982,直播下单,U00502,否,否,女,服饰,47,2,是,0,0,1
2023-04-12 00:00:00,O00000983,直播下单,U01476,否,否,女,服饰,50,3,否,0,0,1
2023-04-12 00:00:00,O00000984,直播下单,U00566,否,否,女,食品,184,1,是,0,0,1
2023-04-13 00:00:00,O00000985,直播下单,U00498,否,是,男,数码,53,2,否,0,0,1
2023-04-13 00:00:00,O00000986,店铺下单,U00328,是,否,女,食品,91,2,是,0,0,1
2023-04-13 00:00:00,O00000987,店铺下单,U00030,是,否,女,服饰,92,1,是,0,0,0
2023-04-13 00:00:00,O00000988,直播下单,U01787,否,否,女,食品,177,1,是,0,1,1
2023-04-13 00:00:00,O00000989,直播下单,U00364,是,否,男,数码,39,1,是,0,0,1
2023-04-13 00:00:00,O00000990,直播下单,U00368,否,否,女,数码,60,1,否,0,0,1
2023-04-13 00:00:00,O00000991,店铺下单,U00485,否,否,女,数码,41,1,是,0,0,0
2023-04-13 00:00:00,O00000992,直播下单,U01900,否,否,男,服饰,184,1,是,0,0,0
2023-04-14 00:00:00,O00000993,直播下单,U00580,否,是,女,家居,131,1,是,1,0,1
2023-04-14 00:00:00,O00000994,店铺下单,U00283,是,否,男,服饰,129,1,否,0,0,0
2023-04-14 00:00:00,O00000995,店铺下单,U00367,否,是,女,数码,178,1,否,0,0,1
2023-04-14 00:00:00,O00000996,直播下单,U00494,否,否,男,服饰,106,1,是,0,0,1
2023-04-14 00:00:00,O00000997,直播下单,U00246,否,否,男,数码,84,1,否,0,0,1
2023-04-14 00:00:00,O00000998,直播下单,U01259,是,否,女,数码,195,1,是,0,0,0
2023-04-14 00:00:00,O00000999,直播下单,U00271,是,否,男,数码,185,1,否,0,0,1
2023-04-14 00:00:00,O00001000,直播下单,U01124,是,否,女,数码,109,1,否,0,0,0
2023-04-14 00:00:00,O00001001,直播下单,U00836,否,否,男,服饰,87,1,是,0,0,1
2023-04-14 00:00:00,O00001002,直播下单,U00343,是,是,男,服饰,149,1,否,0,0,1
2023-04-14 00:00:00,O00001003,直播下单,U00563,否,否,男,食品,89,1,否,0,0,1
2023-04-15 00:00:00,O00001004,直播下单,U01055,否,是,女,服饰,115,1,是,0,0,1
2023-04-15 00:00:00,O00001005,直播下单,U01434,否,是,女,食品,109,2,是,0,0,1
2023-04-15 00:00:00,O00001006,店铺下单,U01877,是,是,男,数码,83,1,否,0,0,1
2023-04-15 00:00:00,O00001007,店铺下单,U01672,否,否,女,数码,168,2,否,0,0,1
2023-04-15 00:00:00,O00001008,直播下单,U00364,否,否,女,家居,163,1,是,0,0,1
2023-04-15 00:00:00,O00001009,直播下单,U01694,是,否,女,数码,76,1,是,0,0,0
2023-04-16 00:00:00,O00001010,直播下单,U01799,是,否,女,数码,183,4,否,0,0,1
2023-04-16 00:00:00,O00001011,店铺下单,U01101,否,是,男,服饰,158,1,是,0,0,1
2023-04-16 00:00:00,O00001012,店铺下单,U00515,否,否,女,家居,98,1,否,0,0,0
2023-04-16 00:00:00,O00001013,直播下单,U00950,否,是,男,家居,42,2,否,0,0,1
2023-04-16 00:00:00,O00001014,直播下单,U00682,是,否,女,食品,64,1,否,0,0,1
2023-04-16 00:00:00,O00001015,直播下单,U00240,否,否,女,家居,50,1,否,0,0,1
2023-04-16 00:00:00,O00001016,店铺下单,U00302,是,否,男,数码,122,1,否,0,0,0
2023-04-16 00:00:00,O00001017,店铺下单,U00649,是,否,女,食品,146,1,是,0,0,1
2023-04-16 00:00:00,O00001018,店铺下单,U00333,是,是,男,数码,82,1,否,1,0,0
2023-04-16 00:00:00,O00001019,直播下单,U00499,否,是,女,家居,89,1,否,0,0,1
2023-04-16 00:00:00,O00001020,直播下单,U01407,是,否,男,服饰,137,2,是,0,0,1
2023-04-17 00:00:00,O00001021,直播下单,U01708,否,否,女,数码,131,1,否,0,0,1
2023-04-17 00:00:00,O00001022,直播下单,U00094,否,否,男,数码,180,1,是,0,0,1
2023-04-17 00:00:00,O00001023,店铺下单,U01118,否,否,男,数码,177,1,否,0,0,1
2023-04-17 00:00:00,O00001024,直播下单,U01492,是,是,男,数码,165,1,是,0,0,1
2023-04-17 00:00:00,O00001025,直播下单,U00633,否,否,女,食品,141,1,是,0,0,1
2023-04-17 00:00:00,O00001026,店铺下单,U01512,否,否,女,服饰,139,1,否,0,0,1
2023-04-17 00:00:00,O00001027,店铺下单,U00996,否,否,女,数码,183,2,否,0,0,1
2023-04-17 00:00:00,O00001028,直播下单,U01483,否,是,女,家居,183,1,是,0,0,1
2023-04-17 00:00:00,O00001029,直播下单,U01248,否,否,男,食品,68,1,是,0,0,1
2023-04-18 00:00:00,O00001030,店铺下单,U00633,否,否,男,服饰,64,1,否,0,0,1
2023-04-18 00:00:00,O00001031,店铺下单,U01574,否,否,女,服饰,73,1,否,0,0,1
2023-04-18 00:00:00,O00001032,店铺下单,U00783,否,否,男,食品,85,1,否,0,0,1
2023-04-18 00:00:00,O00001033,店铺下单,U01080,否,否,男,服饰,112,2,否,0,0,0
2023-04-18 00:00:00,O00001034,店铺下单,U01083,是,是,男,数码,142,1,否,0,0,0
2023-04-18 00:00:00,O00001035,店铺下单,U00522,否,否,女,家居,98,1,否,0,0,1
2023-04-19 00:00:00,O00001036,直播下单,U00707,是,否,男,数码,126,1,否,0,0,1
2023-04-19 00:00:00,O00001037,直播下单,U00386,是,否,男,家居,120,1,否,0,0,1
2023-04-19 00:00:00,O00001038,直播下单,U00426,否,是,男,食品,163,1,是,0,0,1
2023-04-19 00:00:00,O00001039,直播下单,U01794,否,否,男,食品,58,3,否,0,0,0
2023-04-19 00:00:00,O00001040,店铺下单,U00432,否,否,女,食品,125,1,是,0,0,1
2023-04-19 00:00:00,O00001041,店铺下单,U00937,否,是,女,数码,63,1,否,0,0,0
2023-04-19 00:00:00,O00001042,店铺下单,U00431,是,否,男,数码,58,1,否,0,0,1
2023-04-19 00:00:00,O00001043,店铺下单,U00138,是,否,男,食品,140,1,否,0,0,1
2023-04-19 00:00:00,O00001044,直播下单,U00844,是,否,女,服饰,190,1,是,0,0,0
2023-04-19 00:00:00,O00001045,店铺下单,U01594,否,否,女,数码,145,1,否,0,0,1
2023-04-19 00:00:00,O00001046,直播下单,U01265,是,否,女,家居,120,2,否,0,0,1
2023-04-19 00:00:00,O00001047,直播下单,U00692,是,否,男,数码,124,1,是,0,1,1
2023-04-20 00:00:00,O00001048,直播下单,U02000,否,是,男,家居,138,1,否,0,0,1
2023-04-20 00:00:00,O00001049,店铺下单,U01979,否,是,男,食品,159,1,是,0,0,1
2023-04-20 00:00:00,O00001050,直播下单,U01330,否,否,男,家居,86,1,是,0,0,1
2023-04-20 00:00:00,O00001051,店铺下单,U01567,是,否,女,服饰,119,1,否,0,0,1
2023-04-20 00:00:00,O00001052,店铺下单,U01304,否,是,男,家居,44,3,是,0,0,1
2023-04-20 00:00:00,O00001053,直播下单,U01014,否,否,女,服饰,66,1,是,0,0,1
2023-04-20 00:00:00,O00001054,店铺下单,U01872,否,否,男,数码,78,1,是,0,0,1
2023-04-20 00:00:00,O00001055,直播下单,U00118,是,否,女,家居,48,2,是,0,0,1
2023-04-20 00:00:00,O00001056,店铺下单,U01411,是,否,女,食品,124,1,否,0,0,1
2023-04-20 00:00:00,O00001057,直播下单,U00472,是,否,男,食品,128,1,否,0,0,1
2023-04-20 00:00:00,O00001058,店铺下单,U01584,是,否,女,数码,195,1,否,0,0,0
2023-04-20 00:00:00,O00001059,直播下单,U00117,否,是,女,服饰,116,1,否,0,0,1
2023-04-20 00:00:00,O00001060,直播下单,U01730,是,否,女,数码,102,1,否,0,0,1
2023-04-21 00:00:00,O00001061,直播下单,U00228,否,否,女,食品,134,1,否,0,0,1
2023-04-21 00:00:00,O00001062,直播下单,U00491,是,否,男,服饰,155,1,否,0,0,1
2023-04-21 00:00:00,O00001063,店铺下单,U00119,是,否,女,家居,197,1,是,1,0,1
2023-04-21 00:00:00,O00001064,直播下单,U01995,是,否,女,服饰,112,1,否,0,0,1
2023-04-21 00:00:00,O00001065,直播下单,U00897,否,否,男,服饰,90,1,否,0,0,1
2023-04-21 00:00:00,O00001066,直播下单,U00500,否,否,女,数码,87,1,否,0,0,1
2023-04-21 00:00:00,O00001067,直播下单,U00190,是,是,女,家居,60,1,否,0,0,1
2023-04-21 00:00:00,O00001068,直播下单,U01209,是,否,女,食品,119,3,是,0,0,1
2023-04-21 00:00:00,O00001069,店铺下单,U00359,是,否,男,食品,47,2,否,0,0,1
2023-04-22 00:00:00,O00001070,直播下单,U01733,是,是,男,服饰,54,1,否,0,0,1
2023-04-22 00:00:00,O00001071,直播下单,U01495,否,是,女,服饰,127,1,否,0,0,1
2023-04-22 00:00:00,O00001072,直播下单,U01443,否,是,女,家居,55,1,否,0,0,0
2023-04-22 00:00:00,O00001073,直播下单,U00941,是,否,女,服饰,147,1,是,0,0,0
2023-04-22 00:00:00,O00001074,直播下单,U00622,否,否,男,服饰,146,2,是,0,0,1
2023-04-22 00:00:00,O00001075,直播下单,U00387,是,否,男,数码,121,1,否,0,0,1
2023-04-22 00:00:00,O00001076,店铺下单,U00968,否,否,男,数码,122,1,是,0,0,1
2023-04-22 00:00:00,O00001077,店铺下单,U00946,否,否,女,服饰,108,1,是,0,0,0
2023-04-23 00:00:00,O00001078,直播下单,U00024,否,是,男,服饰,181,1,否,0,0,1
2023-04-23 00:00:00,O00001079,直播下单,U00946,是,否,男,家居,77,1,否,0,0,1
2023-04-23 00:00:00,O00001080,店铺下单,U00005,否,否,女,服饰,118,1,是,0,0,1
2023-04-23 00:00:00,O00001081,店铺下单,U01800,是,否,女,数码,188,1,否,0,0,1
2023-04-23 00:00:00,O00001082,直播下单,U01442,否,是,男,家居,195,1,否,0,0,1
2023-04-23 00:00:00,O00001083,直播下单,U01249,否,是,女,家居,93,1,否,0,0,1
2023-04-23 00:00:00,O00001084,直播下单,U00146,否,否,男,家居,98,2,否,0,0,1
2023-04-23 00:00:00,O00001085,店铺下单,U01806,是,否,女,数码,146,1,是,0,0,1
2023-04-24 00:00:00,O00001086,直播下单,U00370,否,是,女,食品,194,1,否,0,0,1
2023-04-24 00:00:00,O00001087,直播下单,U01649,否,否,女,服饰,107,1,否,0,0,0
2023-04-24 00:00:00,O00001088,店铺下单,U01036,否,否,男,食品,115,1,是,0,0,1
2023-04-24 00:00:00,O00001089,直播下单,U01595,否,是,男,食品,105,1,否,0,0,0
2023-04-24 00:00:00,O00001090,店铺下单,U01768,否,否,女,数码,64,1,否,0,0,0
2023-04-24 00:00:00,O00001091,直播下单,U00309,否,否,女,家居,43,1,是,0,0,0
2023-04-24 00:00:00,O00001092,店铺下单,U00991,是,否,女,数码,172,1,是,0,0,0
2023-04-24 00:00:00,O00001093,直播下单,U01814,否,是,女,数码,66,1,否,0,0,1
2023-04-24 00:00:00,O00001094,店铺下单,U01953,否,否,男,服饰,144,1,否,0,0,1
2023-04-24 00:00:00,O00001095,店铺下单,U01895,是,否,女,服饰,152,1,是,0,0,1
2023-04-24 00:00:00,O00001096,直播下单,U00387,是,否,男,服饰,139,1,否,0,0,1
2023-04-24 00:00:00,O00001097,直播下单,U00755,否,否,女,家居,71,2,否,0,0,1
2023-04-25 00:00:00,O00001098,直播下单,U00126,否,是,男,服饰,134,1,是,0,0,1
2023-04-25 00:00:00,O00001099,直播下单,U01622,否,是,女,服饰,82,1,否,0,0,1
2023-04-25 00:00:00,O00001100,店铺下单,U00152,否,否,女,数码,109,1,否,0,0,1
2023-04-25 00:00:00,O00001101,直播下单,U01252,是,否,女,家居,133,1,否,0,0,1
2023-04-25 00:00:00,O00001102,直播下单,U00366,是,否,男,家居,138,3,否,0,0,0
2023-04-25 00:00:00,O00001103,直播下单,U01607,否,是,男,食品,178,1,是,0,0,0
2023-04-25 00:00:00,O00001104,直播下单,U00136,否,否,男,家居,165,1,否,0,0,0
2023-04-25 00:00:00,O00001105,直播下单,U01291,是,是,女,数码,89,2,是,0,0,1
2023-04-25 00:00:00,O00001106,直播下单,U01538,是,否,女,数码,177,1,是,0,0,1
2023-04-25 00:00:00,O00001107,店铺下单,U01923,是,是,男,数码,108,2,否,0,0,1
2023-04-25 00:00:00,O00001108,直播下单,U01283,否,否,男,数码,157,1,否,0,0,0
2023-04-25 00:00:00,O00001109,直播下单,U00868,否,是,男,食品,67,1,否,0,0,1
2023-04-25 00:00:00,O00001110,店铺下单,U01894,是,否,女,家居,122,2,否,0,0,1
2023-04-26 00:00:00,O00001111,直播下单,U00083,是,否,女,服饰,89,1,是,0,0,1
2023-04-26 00:00:00,O00001112,直播下单,U01830,否,否,男,服饰,192,1,否,0,0,0
2023-04-26 00:00:00,O00001113,店铺下单,U01756,是,否,男,服饰,155,1,否,0,1,1
2023-04-26 00:00:00,O00001114,直播下单,U00809,是,是,男,服饰,134,1,否,0,0,1
2023-04-26 00:00:00,O00001115,直播下单,U01422,是,否,女,数码,42,1,否,0,1,0
2023-04-26 00:00:00,O00001116,店铺下单,U00592,否,否,女,食品,111,1,否,0,0,1
2023-04-27 00:00:00,O00001117,直播下单,U01251,否,否,男,家居,126,1,否,0,0,1
2023-04-27 00:00:00,O00001118,直播下单,U01427,是,否,男,食品,149,1,否,0,0,0
2023-04-27 00:00:00,O00001119,直播下单,U01882,是,是,男,服饰,185,1,否,0,0,1
2023-04-27 00:00:00,O00001120,店铺下单,U01235,否,否,女,数码,59,1,否,0,0,1
2023-04-27 00:00:00,O00001121,直播下单,U00161,否,否,女,服饰,152,3,是,0,0,0
2023-04-27 00:00:00,O00001122,直播下单,U01633,否,否,男,食品,66,1,否,0,0,0
2023-04-27 00:00:00,O00001123,直播下单,U01932,是,否,男,家居,96,1,是,0,0,1
2023-04-27 00:00:00,O00001124,直播下单,U00297,是,否,女,服饰,54,1,是,0,0,1
2023-04-27 00:00:00,O00001125,店铺下单,U01767,否,否,男,服饰,138,3,否,0,0,1
2023-04-27 00:00:00,O00001126,店铺下单,U00516,否,否,男,数码,132,1,否,0,0,1
2023-04-27 00:00:00,O00001127,店铺下单,U00325,否,否,女,数码,68,1,否,0,0,1
2023-04-28 00:00:00,O00001128,店铺下单,U01712,否,否,男,服饰,51,1,是,0,0,1
2023-04-28 00:00:00,O00001129,直播下单,U01033,是,否,男,服饰,187,2,是,0,0,1
2023-04-28 00:00:00,O00001130,直播下单,U01675,否,否,女,数码,64,2,是,0,0,1
2023-04-28 00:00:00,O00001131,直播下单,U01068,否,否,女,食品,65,2,否,0,0,1
2023-04-28 00:00:00,O00001132,直播下单,U01343,否,否,男,家居,158,1,否,0,0,1
2023-04-28 00:00:00,O00001133,店铺下单,U01605,是,否,女,数码,72,1,否,0,0,1
2023-04-29 00:00:00,O00001134,直播下单,U01883,否,否,男,家居,88,1,否,0,0,1
2023-04-29 00:00:00,O00001135,直播下单,U01874,否,否,女,服饰,102,2,是,0,0,0
2023-04-29 00:00:00,O00001136,直播下单,U01849,否,否,男,数码,161,1,是,0,0,1
2023-04-29 00:00:00,O00001137,直播下单,U01934,否,否,男,食品,179,2,是,0,0,1
2023-04-29 00:00:00,O00001138,店铺下单,U00742,是,否,女,家居,133,1,是,0,1,1
2023-04-29 00:00:00,O00001139,直播下单,U00644,否,否,女,食品,40,1,是,0,0,1
2023-04-30 00:00:00,O00001140,直播下单,U01872,否,否,男,家居,150,1,否,0,0,0
2023-04-30 00:00:00,O00001141,直播下单,U01129,是,否,男,服饰,150,2,否,0,0,0
2023-04-30 00:00:00,O00001142,直播下单,U00277,是,是,男,服饰,55,1,否,0,0,1
2023-04-30 00:00:00,O00001143,店铺下单,U00047,否,是,女,数码,108,1,是,0,1,1
2023-04-30 00:00:00,O00001144,店铺下单,U00109,是,是,男,服饰,198,1,否,0,0,1
2023-04-30 00:00:00,O00001145,直播下单,U01851,否,否,女,数码,49,2,是,0,0,1
2023-04-30 00:00:00,O00001146,直播下单,U00086,否,否,男,服饰,164,1,是,0,0,0
2023-04-30 00:00:00,O00001147,店铺下单,U01366,否,否,男,数码,156,1,是,0,0,1
2023-04-30 00:00:00,O00001148,店铺下单,U00917,是,是,男,数码,127,1,否,0,0,1
2023-05-01 00:00:00,O00001149,直播下单,U01857,是,否,男,数码,46,1,否,0,0,0
2023-05-01 00:00:00,O00001150,直播下单,U01981,否,否,男,食品,99,3,否,0,0,1
2023-05-01 00:00:00,O00001151,直播下单,U00977,否,是,女,家居,111,1,否,0,0,1
2023-05-01 00:00:00,O00001152,直播下单,U01221,否,否,女,食品,86,1,否,0,1,1
2023-05-01 00:00:00,O00001153,店铺下单,U00238,是,否,女,数码,87,1,否,1,0,1
2023-05-01 00:00:00,O00001154,直播下单,U00287,否,否,男,服饰,112,4,是,0,0,1
2023-05-02 00:00:00,O00001155,直播下单,U00692,否,是,女,食品,117,1,是,0,0,1
2023-05-02 00:00:00,O00001156,直播下单,U01986,否,否,男,数码,127,1,否,0,0,0
2023-05-02 00:00:00,O00001157,直播下单,U01400,否,否,男,数码,41,2,否,0,0,1
2023-05-02 00:00:00,O00001158,店铺下单,U01361,是,否,女,数码,73,2,否,0,0,0
2023-05-02 00:00:00,O00001159,直播下单,U00477,否,否,女,数码,174,2,否,0,0,1
2023-05-02 00:00:00,O00001160,直播下单,U00269,是,否,男,家居,189,1,是,0,0,0
2023-05-03 00:00:00,O00001161,直播下单,U01390,否,否,女,食品,149,2,否,0,0,0
2023-05-03 00:00:00,O00001162,店铺下单,U00276,否,否,女,家居,145,1,是,0,0,1
2023-05-03 00:00:00,O00001163,店铺下单,U00869,否,否,女,服饰,162,1,否,0,0,1
2023-05-03 00:00:00,O00001164,直播下单,U01438,否,否,男,数码,198,1,是,0,0,1
2023-05-04 00:00:00,O00001165,直播下单,U00565,否,否,男,数码,101,2,是,0,0,1
2023-05-04 00:00:00,O00001166,直播下单,U00943,否,否,女,家居,171,1,否,0,0,1
2023-05-04 00:00:00,O00001167,直播下单,U01694,是,否,男,数码,74,3,是,0,0,1
2023-05-04 00:00:00,O00001168,直播下单,U00989,否,否,女,数码,189,2,是,0,0,1
2023-05-05 00:00:00,O00001169,直播下单,U00807,是,否,女,服饰,118,1,否,0,0,0
2023-05-05 00:00:00,O00001170,直播下单,U00667,是,否,女,数码,197,1,是,0,0,1
2023-05-05 00:00:00,O00001171,店铺下单,U00886,否,是,男,服饰,178,1,否,0,0,1
2023-05-05 00:00:00,O00001172,直播下单,U01096,否,否,女,数码,190,1,否,0,0,1
2023-05-05 00:00:00,O00001173,店铺下单,U00930,是,否,男,服饰,163,3,是,0,0,1
2023-05-05 00:00:00,O00001174,店铺下单,U01437,否,否,女,服饰,186,1,是,0,0,0
2023-05-05 00:00:00,O00001175,店铺下单,U00617,否,是,女,数码,196,1,否,0,0,1
2023-05-05 00:00:00,O00001176,店铺下单,U00146,否,否,女,数码,123,1,否,0,0,0
2023-05-05 00:00:00,O00001177,店铺下单,U00517,是,否,女,服饰,97,1,否,0,0,1
2023-05-06 00:00:00,O00001178,直播下单,U01321,否,否,男,服饰,59,2,是,0,0,1
2023-05-06 00:00:00,O00001179,店铺下单,U01229,否,否,男,家居,142,2,否,0,0,1
2023-05-06 00:00:00,O00001180,店铺下单,U00277,是,否,女,服饰,98,2,是,0,0,1
2023-05-06 00:00:00,O00001181,店铺下单,U01556,否,否,男,食品,66,1,否,0,0,0
2023-05-06 00:00:00,O00001182,直播下单,U00365,否,否,女,服饰,153,2,否,0,1,1
2023-05-06 00:00:00,O00001183,店铺下单,U01081,否,是,男,家居,160,2,否,0,0,1
2023-05-06 00:00:00,O00001184,店铺下单,U00358,是,否,女,食品,139,1,否,0,0,1
2023-05-07 00:00:00,O00001185,店铺下单,U01922,是,是,男,食品,145,2,否,0,0,1
2023-05-07 00:00:00,O00001186,直播下单,U01251,否,否,女,数码,130,1,是,0,0,1
2023-05-07 00:00:00,O00001187,店铺下单,U00544,是,否,女,数码,57,1,否,0,0,1
2023-05-07 00:00:00,O00001188,直播下单,U00141,是,否,女,家居,113,1,是,0,0,0
2023-05-07 00:00:00,O00001189,直播下单,U00121,否,否,男,数码,114,1,是,0,0,1
2023-05-07 00:00:00,O00001190,店铺下单,U01042,否,否,女,家居,167,1,否,0,0,1
2023-05-07 00:00:00,O00001191,直播下单,U00348,否,是,男,食品,149,1,否,0,0,1
2023-05-07 00:00:00,O00001192,直播下单,U01132,否,否,女,食品,167,3,否,0,0,0
2023-05-08 00:00:00,O00001193,店铺下单,U01549,否,否,女,服饰,148,1,否,0,0,1
2023-05-08 00:00:00,O00001194,店铺下单,U01792,否,否,女,家居,49,1,否,0,0,1
2023-05-08 00:00:00,O00001195,店铺下单,U01476,是,否,男,服饰,190,2,是,0,0,1
2023-05-08 00:00:00,O00001196,直播下单,U01886,是,否,男,服饰,137,4,是,0,0,1
2023-05-08 00:00:00,O00001197,直播下单,U00395,否,否,男,服饰,85,1,是,0,0,1
2023-05-08 00:00:00,O00001198,店铺下单,U00646,否,是,女,服饰,163,1,否,0,0,1
2023-05-08 00:00:00,O00001199,直播下单,U01412,否,是,男,家居,80,1,否,0,0,0
2023-05-08 00:00:00,O00001200,直播下单,U00032,否,否,女,家居,165,1,否,0,0,1
2023-05-08 00:00:00,O00001201,直播下单,U00786,是,否,男,数码,83,1,否,0,0,1
2023-05-08 00:00:00,O00001202,直播下单,U00342,否,否,女,服饰,110,1,否,0,0,1
2023-05-08 00:00:00,O00001203,直播下单,U00011,是,否,男,数码,185,1,否,0,0,1
2023-05-09 00:00:00,O00001204,店铺下单,U00893,否,否,男,数码,43,1,是,0,0,0
2023-05-09 00:00:00,O00001205,店铺下单,U01165,否,是,女,数码,189,1,否,0,0,1
2023-05-09 00:00:00,O00001206,直播下单,U01594,否,否,女,服饰,52,1,是,0,0,0
2023-05-09 00:00:00,O00001207,直播下单,U01710,否,是,女,食品,60,1,是,0,0,1
2023-05-09 00:00:00,O00001208,直播下单,U01452,否,是,女,家居,175,3,否,0,0,1
2023-05-10 00:00:00,O00001209,直播下单,U01478,是,是,女,家居,129,1,是,0,0,1
2023-05-10 00:00:00,O00001210,直播下单,U00214,否,是,女,数码,93,1,是,0,0,1
2023-05-10 00:00:00,O00001211,店铺下单,U01145,否,否,女,食品,76,1,否,0,0,1
2023-05-10 00:00:00,O00001212,店铺下单,U01507,是,是,女,服饰,155,1,是,0,0,1
2023-05-10 00:00:00,O00001213,直播下单,U01888,否,否,男,服饰,136,1,否,0,0,1
2023-05-11 00:00:00,O00001214,店铺下单,U01760,否,是,女,数码,154,1,否,0,0,1
2023-05-11 00:00:00,O00001215,直播下单,U00151,否,否,男,食品,113,1,否,0,0,0
2023-05-11 00:00:00,O00001216,直播下单,U01390,否,否,女,家居,142,1,否,0,0,0
2023-05-11 00:00:00,O00001217,店铺下单,U00684,是,否,男,家居,47,2,是,0,0,1
2023-05-11 00:00:00,O00001218,直播下单,U01727,是,否,女,服饰,189,1,是,0,0,1
2023-05-11 00:00:00,O00001219,店铺下单,U01077,否,否,女,数码,130,1,否,0,0,1
2023-05-11 00:00:00,O00001220,店铺下单,U01591,是,是,女,家居,161,2,是,0,0,1
2023-05-11 00:00:00,O00001221,店铺下单,U01879,是,否,男,数码,198,1,是,0,0,1
2023-05-11 00:00:00,O00001222,直播下单,U01547,是,否,女,服饰,64,1,否,0,0,1
2023-05-11 00:00:00,O00001223,店铺下单,U00872,否,是,男,食品,121,3,否,0,0,1
2023-05-11 00:00:00,O00001224,店铺下单,U01172,否,是,女,服饰,178,1,否,0,0,0
2023-05-12 00:00:00,O00001225,店铺下单,U01063,否,否,女,服饰,54,1,否,0,0,1
2023-05-12 00:00:00,O00001226,直播下单,U01446,是,否,女,数码,69,1,否,0,0,1
2023-05-12 00:00:00,O00001227,店铺下单,U00804,否,是,女,食品,164,1,否,0,0,0
2023-05-12 00:00:00,O00001228,直播下单,U01160,是,是,男,家居,111,1,否,0,0,1
2023-05-12 00:00:00,O00001229,店铺下单,U01057,否,是,女,服饰,104,1,是,0,0,1
2023-05-12 00:00:00,O00001230,直播下单,U01792,否,否,男,食品,96,1,否,0,0,1
2023-05-12 00:00:00,O00001231,直播下单,U00605,否,否,男,家居,130,1,是,0,0,1
2023-05-12 00:00:00,O00001232,直播下单,U00780,是,否,女,食品,199,1,否,0,0,0
2023-05-12 00:00:00,O00001233,直播下单,U01841,是,否,女,数码,164,1,否,0,0,1
2023-05-12 00:00:00,O00001234,店铺下单,U01041,否,是,女,服饰,162,1,否,0,0,1
2023-05-12 00:00:00,O00001235,店铺下单,U00629,否,否,女,数码,159,1,是,0,0,1
2023-05-12 00:00:00,O00001236,直播下单,U01889,是,否,女,家居,145,1,否,0,0,1
2023-05-13 00:00:00,O00001237,直播下单,U00885,否,否,女,服饰,108,1,是,0,0,0
2023-05-13 00:00:00,O00001238,店铺下单,U00421,是,是,男,食品,90,2,否,0,0,1
2023-05-13 00:00:00,O00001239,直播下单,U00042,否,否,女,数码,94,1,否,0,0,0
2023-05-13 00:00:00,O00001240,店铺下单,U01802,是,是,男,服饰,50,1,是,0,0,1
2023-05-13 00:00:00,O00001241,店铺下单,U00028,是,否,男,家居,197,1,是,0,0,1
2023-05-13 00:00:00,O00001242,店铺下单,U01807,否,否,女,食品,76,1,是,0,1,1
2023-05-13 00:00:00,O00001243,直播下单,U01856,否,否,男,服饰,162,1,是,0,0,1
2023-05-13 00:00:00,O00001244,直播下单,U01164,是,是,女,数码,153,1,是,0,0,0
2023-05-13 00:00:00,O00001245,店铺下单,U00094,否,否,女,数码,67,1,否,0,1,1
2023-05-13 00:00:00,O00001246,店铺下单,U00171,否,否,女,服饰,158,1,否,0,0,1
2023-05-13 00:00:00,O00001247,店铺下单,U01576,是,是,男,服饰,111,1,否,0,0,1
2023-05-13 00:00:00,O00001248,直播下单,U00605,否,否,男,食品,137,4,否,0,0,1
2023-05-13 00:00:00,O00001249,店铺下单,U01350,否,否,女,数码,47,1,否,0,0,1
2023-05-13 00:00:00,O00001250,店铺下单,U00445,是,否,男,数码,88,3,否,0,0,1
2023-05-13 00:00:00,O00001251,店铺下单,U01680,是,否,男,食品,179,2,否,0,0,1
2023-05-13 00:00:00,O00001252,直播下单,U01079,否,否,男,服饰,93,1,否,0,0,1
2023-05-14 00:00:00,O00001253,直播下单,U00119,是,否,女,数码,117,1,否,0,0,1
2023-05-14 00:00:00,O00001254,直播下单,U00717,否,是,女,家居,179,1,是,0,0,1
2023-05-14 00:00:00,O00001255,店铺下单,U01382,否,否,女,数码,133,1,否,0,0,1
2023-05-14 00:00:00,O00001256,店铺下单,U00991,是,是,女,食品,173,1,否,0,0,1
2023-05-14 00:00:00,O00001257,店铺下单,U00271,否,否,女,服饰,161,1,否,0,0,0
2023-05-14 00:00:00,O00001258,直播下单,U01924,否,否,女,家居,113,1,否,0,0,1
2023-05-14 00:00:00,O00001259,店铺下单,U00210,否,否,女,食品,190,2,否,0,1,1
2023-05-14 00:00:00,O00001260,店铺下单,U01140,否,否,女,家居,117,1,否,0,0,1
2023-05-14 00:00:00,O00001261,店铺下单,U00675,是,否,女,服饰,135,1,是,0,0,1
2023-05-14 00:00:00,O00001262,直播下单,U01098,否,是,女,家居,148,1,是,0,0,1
2023-05-14 00:00:00,O00001263,店铺下单,U01542,否,是,男,家居,160,1,否,0,0,0
2023-05-14 00:00:00,O00001264,直播下单,U01205,否,是,男,食品,102,1,是,0,0,1
2023-05-14 00:00:00,O00001265,店铺下单,U00917,否,否,女,数码,174,1,否,0,1,1
2023-05-15 00:00:00,O00001266,直播下单,U01989,否,是,女,数码,71,1,否,1,0,1
2023-05-15 00:00:00,O00001267,直播下单,U01806,是,是,女,服饰,97,1,否,0,0,1
2023-05-15 00:00:00,O00001268,店铺下单,U00522,是,否,女,家居,75,2,否,0,0,1
2023-05-15 00:00:00,O00001269,直播下单,U00105,是,否,男,家居,65,1,是,0,0,1
2023-05-15 00:00:00,O00001270,直播下单,U00025,否,否,男,服饰,102,2,否,0,0,1
2023-05-15 00:00:00,O00001271,直播下单,U00095,否,否,男,数码,90,2,否,0,0,1
2023-05-15 00:00:00,O00001272,直播下单,U01979,否,否,男,家居,56,1,是,0,0,1
2023-05-16 00:00:00,O00001273,店铺下单,U00650,否,是,女,服饰,178,1,是,0,0,1
2023-05-16 00:00:00,O00001274,店铺下单,U01963,否,否,女,数码,57,2,否,0,0,1
2023-05-16 00:00:00,O00001275,直播下单,U00128,否,否,男,家居,72,1,否,0,0,1
2023-05-16 00:00:00,O00001276,直播下单,U00502,否,否,女,家居,122,2,否,0,0,0
2023-05-16 00:00:00,O00001277,店铺下单,U01399,否,是,女,食品,119,1,否,0,0,0
2023-05-16 00:00:00,O00001278,直播下单,U01322,否,否,男,数码,184,1,否,0,0,1
2023-05-16 00:00:00,O00001279,直播下单,U00498,是,否,女,服饰,68,1,是,0,0,1
2023-05-16 00:00:00,O00001280,直播下单,U01054,否,是,女,食品,186,1,是,0,0,0
2023-05-16 00:00:00,O00001281,直播下单,U00708,否,否,女,家居,65,1,否,0,0,1
2023-05-16 00:00:00,O00001282,直播下单,U01365,是,是,女,食品,184,1,否,0,0,1
2023-05-16 00:00:00,O00001283,店铺下单,U00594,否,是,女,家居,171,1,是,0,0,1
2023-05-16 00:00:00,O00001284,直播下单,U00712,是,否,女,食品,132,1,否,0,0,0
2023-05-16 00:00:00,O00001285,店铺下单,U00307,是,是,女,数码,113,1,是,0,0,0
2023-05-16 00:00:00,O00001286,直播下单,U00204,否,否,女,食品,107,1,否,0,0,0
2023-05-17 00:00:00,O00001287,店铺下单,U01924,是,否,男,食品,164,1,否,0,0,0
2023-05-17 00:00:00,O00001288,直播下单,U00142,是,否,女,家居,139,1,否,0,0,1
2023-05-17 00:00:00,O00001289,直播下单,U01203,否,否,女,服饰,157,1,否,0,0,1
2023-05-17 00:00:00,O00001290,店铺下单,U01940,否,否,女,家居,72,1,是,0,0,1
2023-05-17 00:00:00,O00001291,直播下单,U00683,是,否,男,服饰,181,1,是,0,0,1
2023-05-17 00:00:00,O00001292,直播下单,U01026,是,否,男,数码,80,1,否,0,1,1
2023-05-17 00:00:00,O00001293,店铺下单,U01725,是,否,女,服饰,142,1,是,0,0,1
2023-05-18 00:00:00,O00001294,店铺下单,U01072,否,是,男,家居,126,1,否,0,0,1
2023-05-18 00:00:00,O00001295,直播下单,U00690,否,否,男,家居,175,1,否,0,0,1
2023-05-18 00:00:00,O00001296,直播下单,U00483,是,否,女,家居,152,1,是,0,0,1
2023-05-18 00:00:00,O00001297,店铺下单,U01630,是,否,女,家居,97,1,是,0,0,1
2023-05-18 00:00:00,O00001298,店铺下单,U00313,否,否,女,家居,188,1,是,0,0,1
2023-05-18 00:00:00,O00001299,直播下单,U01584,是,否,男,家居,126,1,否,0,0,1
2023-05-18 00:00:00,O00001300,店铺下单,U01070,否,是,女,家居,140,1,否,0,0,0
2023-05-18 00:00:00,O00001301,店铺下单,U01452,否,否,男,家居,107,1,否,0,0,0
2023-05-18 00:00:00,O00001302,店铺下单,U01164,否,否,女,服饰,71,1,否,0,0,1
2023-05-19 00:00:00,O00001303,直播下单,U00390,否,否,女,数码,144,1,是,0,0,1
2023-05-19 00:00:00,O00001304,直播下单,U01899,否,否,女,服饰,117,2,否,0,0,1
2023-05-19 00:00:00,O00001305,店铺下单,U00174,是,否,男,食品,41,1,否,0,0,1
2023-05-19 00:00:00,O00001306,直播下单,U00247,是,是,女,数码,42,1,是,0,0,1
2023-05-19 00:00:00,O00001307,直播下单,U00686,否,否,男,数码,172,1,是,0,0,1
2023-05-19 00:00:00,O00001308,直播下单,U01599,否,否,女,服饰,174,2,否,0,0,1
2023-05-19 00:00:00,O00001309,店铺下单,U00058,是,否,女,数码,187,1,否,0,0,1
2023-05-19 00:00:00,O00001310,直播下单,U00981,否,否,男,食品,40,4,是,0,0,0
2023-05-19 00:00:00,O00001311,店铺下单,U00534,否,否,女,家居,189,1,否,0,0,1
2023-05-19 00:00:00,O00001312,直播下单,U00014,是,否,男,服饰,152,1,否,0,0,1
2023-05-20 00:00:00,O00001313,店铺下单,U00318,是,否,女,食品,69,1,否,0,0,1
2023-05-20 00:00:00,O00001314,店铺下单,U00924,是,否,女,服饰,143,1,否,0,0,0
2023-05-20 00:00:00,O00001315,直播下单,U01003,是,否,男,数码,149,2,否,0,0,1
2023-05-20 00:00:00,O00001316,直播下单,U00238,否,是,女,服饰,44,1,否,0,0,1
2023-05-20 00:00:00,O00001317,店铺下单,U01390,否,是,女,数码,50,1,是,0,0,1
2023-05-20 00:00:00,O00001318,店铺下单,U01623,否,否,男,食品,72,1,否,0,0,1
2023-05-20 00:00:00,O00001319,直播下单,U01765,否,否,男,数码,193,1,否,0,0,0
2023-05-21 00:00:00,O00001320,直播下单,U00155,是,是,男,食品,161,1,否,0,0,1
2023-05-21 00:00:00,O00001321,直播下单,U01972,否,否,女,家居,90,1,否,0,0,1
2023-05-21 00:00:00,O00001322,店铺下单,U01163,否,否,女,食品,100,1,是,0,0,0
2023-05-21 00:00:00,O00001323,直播下单,U01558,否,否,男,食品,92,3,否,0,0,1
2023-05-21 00:00:00,O00001324,直播下单,U00740,是,否,男,数码,81,1,否,0,0,1
2023-05-21 00:00:00,O00001325,直播下单,U00028,否,否,女,服饰,86,1,否,0,0,1
2023-05-21 00:00:00,O00001326,直播下单,U01780,否,否,男,家居,144,1,是,0,0,0
2023-05-21 00:00:00,O00001327,直播下单,U00324,是,否,男,服饰,142,3,否,0,0,1
2023-05-21 00:00:00,O00001328,直播下单,U01487,是,否,女,家居,192,1,是,0,0,1
2023-05-21 00:00:00,O00001329,直播下单,U00554,否,是,男,数码,185,2,否,0,0,1
2023-05-21 00:00:00,O00001330,直播下单,U01833,否,否,女,数码,113,1,是,0,0,1
2023-05-22 00:00:00,O00001331,店铺下单,U00769,是,否,男,家居,102,1,否,0,0,1
2023-05-22 00:00:00,O00001332,直播下单,U00403,是,否,男,家居,168,1,否,0,1,1
2023-05-22 00:00:00,O00001333,店铺下单,U00932,是,是,男,服饰,59,1,是,0,0,1
2023-05-22 00:00:00,O00001334,直播下单,U01466,否,是,男,食品,131,1,是,0,0,1
2023-05-22 00:00:00,O00001335,直播下单,U01213,是,是,女,数码,118,1,否,0,0,1
2023-05-22 00:00:00,O00001336,直播下单,U00469,否,否,女,服饰,199,1,是,0,0,1
2023-05-22 00:00:00,O00001337,直播下单,U01724,否,否,女,食品,119,2,否,0,0,0
2023-05-22 00:00:00,O00001338,店铺下单,U01893,是,否,女,家居,129,1,否,0,0,0
2023-05-23 00:00:00,O00001339,直播下单,U01907,否,否,男,服饰,67,2,是,0,0,0
2023-05-23 00:00:00,O00001340,直播下单,U00572,否,是,女,服饰,63,1,否,0,0,1
2023-05-23 00:00:00,O00001341,直播下单,U01649,否,否,女,服饰,120,1,是,0,0,0
2023-05-23 00:00:00,O00001342,直播下单,U01564,否,否,男,家居,166,3,是,0,0,1
2023-05-23 00:00:00,O00001343,直播下单,U01417,否,是,女,食品,162,1,是,0,0,1
2023-05-23 00:00:00,O00001344,直播下单,U00458,否,否,男,服饰,148,1,是,0,0,1
2023-05-23 00:00:00,O00001345,店铺下单,U01370,是,否,男,家居,183,1,否,0,0,1
2023-05-23 00:00:00,O00001346,店铺下单,U01989,否,否,女,数码,155,1,是,0,0,1
2023-05-23 00:00:00,O00001347,直播下单,U00941,是,否,女,数码,73,1,是,0,1,1
2023-05-23 00:00:00,O00001348,直播下单,U01542,否,是,女,数码,99,1,否,0,0,1
2023-05-23 00:00:00,O00001349,店铺下单,U00568,否,否,女,数码,133,1,否,0,0,1
2023-05-23 00:00:00,O00001350,店铺下单,U01301,否,是,女,家居,181,1,是,0,0,0
2023-05-23 00:00:00,O00001351,店铺下单,U00623,否,否,女,服饰,154,1,是,0,1,1
2023-05-23 00:00:00,O00001352,直播下单,U00665,否,否,女,服饰,49,1,否,0,0,1
2023-05-23 00:00:00,O00001353,店铺下单,U00829,否,否,男,食品,192,3,是,0,0,1
2023-05-23 00:00:00,O00001354,直播下单,U00547,是,否,男,数码,68,1,否,0,1,1
2023-05-23 00:00:00,O00001355,直播下单,U00608,否,否,男,家居,124,2,是,0,0,0
2023-05-23 00:00:00,O00001356,直播下单,U00317,否,否,男,食品,179,1,是,1,0,1
2023-05-23 00:00:00,O00001357,直播下单,U00913,否,否,男,家居,196,4,否,0,0,1
2023-05-23 00:00:00,O00001358,直播下单,U00216,否,否,男,数码,117,1,否,0,0,1
2023-05-23 00:00:00,O00001359,店铺下单,U01418,是,否,女,食品,148,2,否,0,0,1
2023-05-24 00:00:00,O00001360,直播下单,U01713,是,否,女,家居,148,1,是,0,0,1
2023-05-24 00:00:00,O00001361,店铺下单,U00889,否,否,男,数码,45,1,否,0,0,1
2023-05-24 00:00:00,O00001362,直播下单,U00061,是,否,女,家居,80,1,否,0,0,1
2023-05-24 00:00:00,O00001363,直播下单,U01463,否,否,女,数码,192,1,是,0,0,0
2023-05-24 00:00:00,O00001364,店铺下单,U01432,是,否,男,食品,135,1,否,0,0,0
2023-05-24 00:00:00,O00001365,店铺下单,U01432,否,否,女,服饰,109,2,是,0,0,1
2023-05-24 00:00:00,O00001366,店铺下单,U00910,是,否,女,数码,120,2,是,0,0,1
2023-05-25 00:00:00,O00001367,直播下单,U01510,否,否,男,服饰,197,1,否,1,0,1
2023-05-25 00:00:00,O00001368,店铺下单,U01764,否,否,女,食品,166,1,是,0,0,1
2023-05-25 00:00:00,O00001369,店铺下单,U00999,是,是,女,服饰,39,1,是,0,0,0
2023-05-25 00:00:00,O00001370,店铺下单,U01764,是,是,女,家居,156,1,是,0,0,1
2023-05-25 00:00:00,O00001371,直播下单,U00256,是,是,男,数码,109,1,是,0,0,0
2023-05-25 00:00:00,O00001372,店铺下单,U01162,否,是,女,家居,79,2,否,0,0,1
2023-05-25 00:00:00,O00001373,店铺下单,U01212,否,否,女,服饰,180,1,是,0,0,1
2023-05-25 00:00:00,O00001374,直播下单,U01612,是,否,男,数码,138,1,否,0,0,1
2023-05-25 00:00:00,O00001375,店铺下单,U01925,否,是,女,食品,54,1,是,0,0,0
2023-05-26 00:00:00,O00001376,店铺下单,U00695,否,否,男,服饰,131,2,是,0,0,1
2023-05-26 00:00:00,O00001377,直播下单,U00815,否,否,女,家居,58,2,否,0,0,1
2023-05-26 00:00:00,O00001378,直播下单,U00989,否,否,男,数码,138,1,是,0,0,0
2023-05-26 00:00:00,O00001379,直播下单,U00433,否,否,女,服饰,64,2,否,0,0,0
2023-05-26 00:00:00,O00001380,店铺下单,U00764,否,否,男,食品,164,1,否,0,0,1
2023-05-26 00:00:00,O00001381,直播下单,U01915,是,否,男,家居,195,1,否,0,0,1
2023-05-27 00:00:00,O00001382,直播下单,U00847,否,否,男,服饰,100,1,否,0,1,0
2023-05-27 00:00:00,O00001383,店铺下单,U01839,是,否,女,服饰,135,2,是,0,0,1
2023-05-27 00:00:00,O00001384,直播下单,U01502,否,否,女,服饰,69,1,是,0,1,1
2023-05-27 00:00:00,O00001385,店铺下单,U01801,否,否,男,家居,181,2,否,0,0,1
2023-05-27 00:00:00,O00001386,直播下单,U01564,否,否,男,家居,84,1,是,0,0,0
2023-05-27 00:00:00,O00001387,直播下单,U00265,否,否,女,服饰,138,1,否,0,0,0
2023-05-27 00:00:00,O00001388,直播下单,U01672,否,否,女,食品,199,1,否,0,0,1
2023-05-27 00:00:00,O00001389,店铺下单,U00600,否,是,男,数码,69,1,否,0,0,1
2023-05-27 00:00:00,O00001390,直播下单,U01033,否,否,男,家居,60,2,否,0,0,1
2023-05-27 00:00:00,O00001391,直播下单,U00857,是,否,男,食品,57,1,否,0,0,1
2023-05-27 00:00:00,O00001392,店铺下单,U01971,否,否,男,家居,90,1,是,0,0,1
2023-05-27 00:00:00,O00001393,直播下单,U01259,否,是,男,服饰,165,1,否,0,0,1
2023-05-28 00:00:00,O00001394,店铺下单,U01821,否,否,男,食品,197,2,是,0,0,0
2023-05-28 00:00:00,O00001395,店铺下单,U00419,否,否,男,数码,146,1,否,0,0,1
2023-05-28 00:00:00,O00001396,直播下单,U00005,否,是,女,食品,67,1,是,0,0,0
2023-05-28 00:00:00,O00001397,直播下单,U01290,否,否,男,数码,112,1,否,0,0,1
2023-05-29 00:00:00,O00001398,店铺下单,U00847,是,否,女,服饰,91,1,否,0,0,1
2023-05-29 00:00:00,O00001399,直播下单,U00127,否,是,男,服饰,173,1,否,0,0,1
2023-05-29 00:00:00,O00001400,店铺下单,U01916,是,是,女,服饰,67,2,是,0,0,1
2023-05-29 00:00:00,O00001401,直播下单,U00909,是,是,女,食品,143,1,否,0,0,1
2023-05-29 00:00:00,O00001402,直播下单,U00181,否,否,女,家居,45,1,否,0,0,1
2023-05-29 00:00:00,O00001403,直播下单,U01348,否,否,男,食品,149,1,是,0,0,1
2023-05-29 00:00:00,O00001404,直播下单,U00360,是,否,女,服饰,57,1,否,1,0,1
2023-05-30 00:00:00,O00001405,直播下单,U00638,是,否,男,家居,94,1,否,0,0,1
2023-05-30 00:00:00,O00001406,店铺下单,U00356,否,是,男,食品,41,3,否,0,0,1
2023-05-30 00:00:00,O00001407,直播下单,U01784,是,否,女,服饰,122,1,否,0,0,1
2023-05-30 00:00:00,O00001408,直播下单,U01456,否,是,女,服饰,99,1,是,0,0,1
2023-05-30 00:00:00,O00001409,直播下单,U00946,否,否,男,食品,166,1,是,0,0,1
2023-05-30 00:00:00,O00001410,店铺下单,U01372,否,否,女,服饰,160,1,否,0,0,0
2023-05-30 00:00:00,O00001411,直播下单,U01480,否,是,女,数码,153,1,否,0,0,0
2023-05-31 00:00:00,O00001412,店铺下单,U00877,否,否,男,食品,49,1,是,0,0,0
2023-05-31 00:00:00,O00001413,店铺下单,U01725,否,否,女,服饰,79,1,否,0,0,1
2023-05-31 00:00:00,O00001414,店铺下单,U01878,是,是,女,数码,114,1,否,0,0,1
2023-05-31 00:00:00,O00001415,店铺下单,U00423,否,否,男,数码,191,1,否,0,0,1
2023-05-31 00:00:00,O00001416,店铺下单,U01699,否,是,女,家居,115,1,否,0,0,1
2023-05-31 00:00:00,O00001417,直播下单,U00746,否,是,男,服饰,152,3,否,0,0,1
2023-05-31 00:00:00,O00001418,店铺下单,U01932,是,否,女,数码,48,1,否,0,0,1
2023-05-31 00:00:00,O00001419,直播下单,U00311,否,是,女,服饰,96,1,是,0,0,0
2023-06-01 00:00:00,O00001420,直播下单,U01016,否,否,女,服饰,54,1,否,0,0,1
2023-06-01 00:00:00,O00001421,直播下单,U00057,否,否,女,服饰,115,1,否,0,0,1
2023-06-01 00:00:00,O00001422,直播下单,U01459,否,否,女,食品,148,1,否,0,0,1
2023-06-01 00:00:00,O00001423,直播下单,U01188,否,否,男,服饰,195,1,是,0,0,1
2023-06-01 00:00:00,O00001424,直播下单,U01241,是,否,男,服饰,147,1,是,0,0,1
2023-06-01 00:00:00,O00001425,店铺下单,U01874,否,是,女,家居,99,2,是,0,0,0
2023-06-01 00:00:00,O00001426,直播下单,U01119,否,否,女,服饰,127,1,否,0,0,1
2023-06-01 00:00:00,O00001427,直播下单,U01390,否,否,男,家居,191,1,是,0,1,1
2023-06-01 00:00:00,O00001428,店铺下单,U01289,是,否,男,服饰,101,1,否,0,0,1
2023-06-01 00:00:00,O00001429,直播下单,U01806,是,否,女,数码,67,1,否,0,0,1
2023-06-01 00:00:00,O00001430,店铺下单,U00114,否,否,女,数码,101,1,是,0,0,1
2023-06-02 00:00:00,O00001431,店铺下单,U01238,否,否,女,数码,153,1,是,0,0,0
2023-06-02 00:00:00,O00001432,直播下单,U01985,否,否,女,服饰,159,1,否,0,0,1
2023-06-02 00:00:00,O00001433,店铺下单,U00788,否,否,女,食品,109,1,否,0,0,1
2023-06-02 00:00:00,O00001434,直播下单,U01210,否,否,男,数码,51,1,否,0,0,1
2023-06-02 00:00:00,O00001435,店铺下单,U01464,是,否,男,数码,151,1,是,0,0,0
2023-06-02 00:00:00,O00001436,直播下单,U00812,否,否,男,家居,59,1,是,0,0,1
2023-06-02 00:00:00,O00001437,店铺下单,U00593,是,否,女,食品,98,1,是,0,0,0
2023-06-02 00:00:00,O00001438,店铺下单,U01537,否,否,女,服饰,66,1,否,0,0,1
2023-06-02 00:00:00,O00001439,店铺下单,U01446,否,否,女,服饰,70,2,否,0,0,1
2023-06-02 00:00:00,O00001440,店铺下单,U01430,否,否,女,服饰,94,1,是,0,0,0
2023-06-03 00:00:00,O00001441,店铺下单,U01295,否,否,女,家居,65,1,是,0,0,1
2023-06-03 00:00:00,O00001442,直播下单,U00611,否,否,女,家居,80,3,否,0,0,1
2023-06-03 00:00:00,O00001443,店铺下单,U00827,否,否,男,数码,129,2,是,0,0,1
2023-06-03 00:00:00,O00001444,直播下单,U00329,是,否,男,服饰,51,3,是,0,0,1
2023-06-03 00:00:00,O00001445,直播下单,U00455,否,是,女,服饰,171,1,否,0,0,1
2023-06-03 00:00:00,O00001446,店铺下单,U01596,否,否,女,服饰,86,1,否,0,0,1
2023-06-03 00:00:00,O00001447,直播下单,U01900,否,否,女,数码,165,1,是,0,0,1
2023-06-03 00:00:00,O00001448,店铺下单,U01940,否,否,男,食品,42,2,是,0,0,1
2023-06-03 00:00:00,O00001449,直播下单,U00211,是,否,男,服饰,76,1,否,0,0,1
2023-06-03 00:00:00,O00001450,直播下单,U00655,是,否,女,家居,134,1,是,0,0,0
2023-06-03 00:00:00,O00001451,店铺下单,U01587,否,否,女,食品,61,1,否,0,0,0
2023-06-04 00:00:00,O00001452,店铺下单,U01736,是,是,女,服饰,102,2,否,0,0,0
2023-06-04 00:00:00,O00001453,直播下单,U01847,是,否,女,数码,169,3,否,0,0,0
2023-06-04 00:00:00,O00001454,直播下单,U00557,否,否,女,服饰,197,1,是,0,1,1
2023-06-04 00:00:00,O00001455,店铺下单,U01018,否,是,女,服饰,96,2,否,0,0,0
2023-06-04 00:00:00,O00001456,店铺下单,U00734,否,否,男,食品,125,1,是,0,0,1
2023-06-04 00:00:00,O00001457,店铺下单,U01707,是,否,女,服饰,162,2,是,0,0,1
2023-06-04 00:00:00,O00001458,直播下单,U00922,否,否,男,服饰,186,4,否,0,0,0
2023-06-04 00:00:00,O00001459,店铺下单,U01652,否,否,女,数码,62,1,是,0,0,0
2023-06-04 00:00:00,O00001460,直播下单,U00871,否,否,女,食品,139,1,否,0,0,1
2023-06-05 00:00:00,O00001461,店铺下单,U00361,是,否,男,服饰,45,1,否,0,0,0
2023-06-05 00:00:00,O00001462,直播下单,U00942,否,否,男,服饰,157,2,是,0,0,1
2023-06-05 00:00:00,O00001463,直播下单,U00164,否,否,女,食品,85,1,否,0,0,1
2023-06-05 00:00:00,O00001464,直播下单,U01350,否,否,女,食品,170,1,否,0,0,1
2023-06-05 00:00:00,O00001465,直播下单,U01206,否,否,男,数码,48,1,是,0,0,1
2023-06-05 00:00:00,O00001466,店铺下单,U01718,否,是,女,服饰,118,1,否,0,0,1
2023-06-05 00:00:00,O00001467,直播下单,U00713,否,否,女,服饰,51,1,否,0,0,0
2023-06-05 00:00:00,O00001468,直播下单,U01232,否,否,女,家居,67,3,否,0,0,1
2023-06-06 00:00:00,O00001469,直播下单,U00936,否,是,女,服饰,64,1,是,0,0,1
2023-06-06 00:00:00,O00001470,直播下单,U01584,否,否,男,服饰,169,1,是,0,1,1
2023-06-06 00:00:00,O00001471,店铺下单,U00723,是,否,女,数码,81,1,否,0,0,1
2023-06-06 00:00:00,O00001472,店铺下单,U00759,否,否,女,家居,178,1,是,0,1,1
2023-06-06 00:00:00,O00001473,直播下单,U00433,否,否,男,数码,110,1,否,0,0,1
2023-06-06 00:00:00,O00001474,直播下单,U00056,否,否,女,家居,80,1,是,0,0,1
2023-06-07 00:00:00,O00001475,店铺下单,U01067,是,否,女,服饰,113,1,是,0,0,1
2023-06-07 00:00:00,O00001476,店铺下单,U00319,是,否,男,家居,104,1,否,0,0,0
2023-06-07 00:00:00,O00001477,店铺下单,U01532,否,否,男,数码,82,1,是,0,0,1
2023-06-07 00:00:00,O00001478,店铺下单,U01445,是,是,男,数码,73,1,否,0,0,1
2023-06-07 00:00:00,O00001479,直播下单,U00632,是,否,男,家居,75,1,否,0,0,1
2023-06-07 00:00:00,O00001480,直播下单,U01979,否,否,女,家居,170,2,是,0,0,1
2023-06-07 00:00:00,O00001481,直播下单,U01375,是,是,男,家居,75,1,否,0,0,1
2023-06-07 00:00:00,O00001482,直播下单,U01883,否,否,男,食品,128,1,否,0,0,1
2023-06-07 00:00:00,O00001483,直播下单,U00664,否,否,男,服饰,185,1,否,0,0,1
2023-06-08 00:00:00,O00001484,店铺下单,U01950,否,否,男,数码,95,1,否,0,0,1
2023-06-08 00:00:00,O00001485,店铺下单,U00565,是,否,女,服饰,188,1,否,0,0,0
2023-06-08 00:00:00,O00001486,店铺下单,U01120,是,否,女,服饰,113,1,是,0,0,1
2023-06-08 00:00:00,O00001487,店铺下单,U01089,否,否,男,数码,67,1,否,0,0,1
2023-06-08 00:00:00,O00001488,直播下单,U00414,否,否,男,服饰,88,1,是,0,0,1
2023-06-08 00:00:00,O00001489,直播下单,U01037,是,否,女,数码,106,1,否,0,0,1
2023-06-08 00:00:00,O00001490,店铺下单,U01127,是,否,女,家居,106,1,否,0,0,1
2023-06-08 00:00:00,O00001491,直播下单,U01287,否,否,女,家居,164,1,否,0,0,1
2023-06-08 00:00:00,O00001492,直播下单,U00623,否,否,男,食品,167,1,否,0,0,1
2023-06-08 00:00:00,O00001493,直播下单,U00291,否,否,男,数码,97,1,是,0,1,1
2023-06-09 00:00:00,O00001494,直播下单,U01307,是,是,男,家居,196,1,是,0,0,1
2023-06-09 00:00:00,O00001495,店铺下单,U00460,否,否,女,服饰,190,2,是,0,0,1
2023-06-09 00:00:00,O00001496,店铺下单,U00965,否,否,男,服饰,66,1,是,0,0,1
2023-06-09 00:00:00,O00001497,店铺下单,U00334,否,否,男,数码,145,1,否,0,1,1
2023-06-09 00:00:00,O00001498,直播下单,U01060,否,否,男,家居,132,2,是,0,0,1
2023-06-09 00:00:00,O00001499,直播下单,U01835,否,否,女,服饰,83,1,否,0,0,1
2023-06-09 00:00:00,O00001500,直播下单,U01660,是,否,女,服饰,45,2,否,1,0,1
2023-06-09 00:00:00,O00001501,直播下单,U00026,是,否,女,家居,122,1,否,0,0,1
2023-06-09 00:00:00,O00001502,直播下单,U01017,是,否,男,数码,175,1,否,0,0,1
2023-06-10 00:00:00,O00001503,店铺下单,U01220,是,否,男,服饰,192,1,否,0,0,1
2023-06-10 00:00:00,O00001504,店铺下单,U01284,否,否,男,服饰,189,3,是,0,0,1
2023-06-10 00:00:00,O00001505,店铺下单,U00818,是,否,女,数码,39,1,是,0,0,1
2023-06-10 00:00:00,O00001506,直播下单,U00442,否,否,女,服饰,96,1,是,0,0,1
2023-06-10 00:00:00,O00001507,直播下单,U00272,否,否,男,服饰,197,1,是,0,0,1
2023-06-10 00:00:00,O00001508,店铺下单,U01027,是,否,男,食品,114,1,否,0,0,0
2023-06-10 00:00:00,O00001509,店铺下单,U01016,是,否,女,服饰,183,1,否,0,0,1
2023-06-11 00:00:00,O00001510,直播下单,U01752,否,否,女,数码,124,1,是,0,0,1
2023-06-11 00:00:00,O00001511,直播下单,U00799,是,否,男,家居,91,1,否,0,0,1
2023-06-11 00:00:00,O00001512,店铺下单,U01555,是,否,女,服饰,111,1,是,0,0,1
2023-06-11 00:00:00,O00001513,店铺下单,U00384,否,是,女,服饰,92,1,是,0,0,1
2023-06-11 00:00:00,O00001514,店铺下单,U01548,否,否,女,数码,195,1,是,0,0,1
2023-06-11 00:00:00,O00001515,店铺下单,U01461,否,否,男,数码,125,1,否,0,0,1
2023-06-11 00:00:00,O00001516,直播下单,U00040,是,否,女,家居,55,1,是,0,0,0
2023-06-12 00:00:00,O00001517,店铺下单,U00406,否,否,女,家居,186,1,否,0,0,1
2023-06-12 00:00:00,O00001518,店铺下单,U00842,否,否,男,数码,127,1,否,0,0,1
2023-06-12 00:00:00,O00001519,直播下单,U00576,否,否,女,食品,175,1,是,0,0,1
2023-06-12 00:00:00,O00001520,直播下单,U00611,否,否,女,服饰,73,2,否,0,0,1
2023-06-12 00:00:00,O00001521,直播下单,U00085,否,否,女,家居,86,1,否,0,0,1
2023-06-13 00:00:00,O00001522,直播下单,U01188,否,否,男,服饰,149,2,否,0,0,0
2023-06-13 00:00:00,O00001523,店铺下单,U00557,是,否,男,食品,160,1,是,0,0,0
2023-06-13 00:00:00,O00001524,直播下单,U01300,否,否,女,服饰,141,1,否,0,0,0
2023-06-13 00:00:00,O00001525,直播下单,U00858,否,否,女,服饰,141,2,否,0,1,1
2023-06-13 00:00:00,O00001526,直播下单,U00494,是,是,男,家居,152,1,否,0,0,1
2023-06-13 00:00:00,O00001527,直播下单,U01570,否,否,男,数码,64,1,是,0,0,1
2023-06-13 00:00:00,O00001528,店铺下单,U00111,否,否,女,食品,125,2,是,0,0,1
2023-06-13 00:00:00,O00001529,直播下单,U01407,否,是,女,数码,168,1,否,0,0,1
2023-06-13 00:00:00,O00001530,直播下单,U00038,否,否,男,数码,43,2,是,0,0,1
2023-06-13 00:00:00,O00001531,店铺下单,U01840,是,否,男,数码,92,1,否,0,0,1
2023-06-13 00:00:00,O00001532,直播下单,U00135,否,否,男,家居,188,1,否,0,0,1
2023-06-13 00:00:00,O00001533,店铺下单,U00483,否,否,男,食品,195,1,是,0,1,0
2023-06-14 00:00:00,O00001534,店铺下单,U00142,是,是,女,数码,115,1,是,0,0,1
2023-06-14 00:00:00,O00001535,直播下单,U01871,是,否,女,服饰,99,1,是,0,0,1
2023-06-14 00:00:00,O00001536,直播下单,U00917,否,否,男,数码,86,1,否,0,0,1
2023-06-14 00:00:00,O00001537,直播下单,U01730,否,是,男,食品,195,1,否,0,0,1
2023-06-14 00:00:00,O00001538,店铺下单,U01944,是,否,女,服饰,53,1,否,0,0,0
2023-06-14 00:00:00,O00001539,店铺下单,U01724,否,否,男,家居,98,1,否,0,0,1
2023-06-14 00:00:00,O00001540,直播下单,U01126,是,否,男,食品,62,1,是,0,0,1
2023-06-14 00:00:00,O00001541,店铺下单,U01141,是,否,女,数码,73,1,否,0,0,1
2023-06-14 00:00:00,O00001542,直播下单,U00436,是,否,男,数码,143,1,是,0,0,0
2023-06-15 00:00:00,O00001543,直播下单,U00777,否,否,女,家居,75,1,否,0,0,0
2023-06-15 00:00:00,O00001544,店铺下单,U00583,是,否,女,食品,153,3,否,0,0,1
2023-06-15 00:00:00,O00001545,直播下单,U00294,否,否,男,服饰,174,2,否,0,0,1
2023-06-15 00:00:00,O00001546,店铺下单,U01513,否,否,女,数码,169,1,否,0,0,1
2023-06-15 00:00:00,O00001547,直播下单,U00191,否,否,男,家居,88,1,否,0,0,1
2023-06-15 00:00:00,O00001548,直播下单,U01477,是,否,女,数码,109,1,否,0,0,1
2023-06-15 00:00:00,O00001549,店铺下单,U01938,否,是,男,数码,77,1,否,0,0,1
2023-06-15 00:00:00,O00001550,直播下单,U00929,否,否,男,服饰,60,1,否,0,0,1
2023-06-15 00:00:00,O00001551,直播下单,U01186,否,否,女,服饰,189,1,是,1,0,1
2023-06-15 00:00:00,O00001552,直播下单,U00223,否,是,男,家居,58,1,是,0,0,0
2023-06-16 00:00:00,O00001553,直播下单,U00955,否,否,男,服饰,71,1,是,0,0,1
2023-06-16 00:00:00,O00001554,直播下单,U01135,是,是,男,食品,95,3,否,0,0,1
2023-06-16 00:00:00,O00001555,店铺下单,U00840,否,否,女,数码,71,1,否,0,1,1
2023-06-16 00:00:00,O00001556,直播下单,U01855,否,否,男,食品,174,1,否,0,0,1
2023-06-16 00:00:00,O00001557,直播下单,U01956,否,是,男,服饰,77,1,是,0,0,1
2023-06-16 00:00:00,O00001558,直播下单,U01570,是,是,男,服饰,58,1,否,0,0,0
2023-06-17 00:00:00,O00001559,直播下单,U01097,是,是,女,数码,41,1,否,0,1,1
2023-06-17 00:00:00,O00001560,直播下单,U01242,否,否,男,数码,72,1,是,0,1,0
2023-06-17 00:00:00,O00001561,店铺下单,U01337,否,是,女,数码,185,1,否,0,0,1
2023-06-17 00:00:00,O00001562,直播下单,U01920,否,是,男,食品,115,1,否,0,0,1
2023-06-17 00:00:00,O00001563,直播下单,U00295,是,否,男,数码,175,1,否,0,0,1
2023-06-17 00:00:00,O00001564,店铺下单,U00661,否,是,女,服饰,125,1,否,0,0,1
2023-06-18 00:00:00,O00001565,直播下单,U01944,否,是,男,服饰,106,4,否,0,0,1
2023-06-18 00:00:00,O00001566,店铺下单,U00811,否,否,女,家居,89,1,是,0,0,1
2023-06-18 00:00:00,O00001567,店铺下单,U01257,否,是,女,数码,187,2,否,0,0,0
2023-06-19 00:00:00,O00001568,直播下单,U01333,是,是,男,服饰,154,1,是,0,0,1
2023-06-19 00:00:00,O00001569,直播下单,U00730,否,是,男,服饰,117,1,否,0,0,0
2023-06-19 00:00:00,O00001570,直播下单,U00068,否,是,女,服饰,94,1,否,0,0,1
2023-06-19 00:00:00,O00001571,直播下单,U00927,否,否,女,服饰,110,1,否,0,0,1
2023-06-19 00:00:00,O00001572,店铺下单,U00608,是,否,女,食品,133,1,否,0,0,1
2023-06-19 00:00:00,O00001573,店铺下单,U01601,否,否,男,数码,51,1,否,0,0,1
2023-06-20 00:00:00,O00001574,直播下单,U01913,否,否,女,食品,142,1,否,0,1,1
2023-06-20 00:00:00,O00001575,直播下单,U00365,否,否,女,服饰,51,1,是,0,0,0
2023-06-20 00:00:00,O00001576,店铺下单,U00987,否,是,男,数码,146,1,否,0,0,1
2023-06-20 00:00:00,O00001577,直播下单,U01204,否,否,男,食品,135,1,是,0,0,1
2023-06-20 00:00:00,O00001578,店铺下单,U01743,否,是,女,数码,190,1,是,0,0,0
2023-06-20 00:00:00,O00001579,直播下单,U01520,否,否,男,家居,113,1,否,0,0,1
2023-06-20 00:00:00,O00001580,直播下单,U01615,否,否,女,服饰,106,1,是,0,0,1
2023-06-20 00:00:00,O00001581,店铺下单,U01289,否,否,女,服饰,171,1,否,0,0,1
2023-06-20 00:00:00,O00001582,店铺下单,U01284,否,否,女,数码,56,1,否,0,0,1
2023-06-20 00:00:00,O00001583,直播下单,U01959,否,是,女,家居,182,1,否,0,0,1
2023-06-20 00:00:00,O00001584,店铺下单,U00848,否,否,女,服饰,77,1,否,0,0,1
2023-06-20 00:00:00,O00001585,店铺下单,U01631,是,是,男,服饰,122,1,是,0,0,1
2023-06-20 00:00:00,O00001586,直播下单,U00207,否,是,女,家居,81,1,否,0,0,1
2023-06-20 00:00:00,O00001587,店铺下单,U00969,是,否,男,食品,180,1,否,0,0,0
2023-06-20 00:00:00,O00001588,直播下单,U01958,否,否,男,服饰,154,1,是,0,0,1
2023-06-20 00:00:00,O00001589,店铺下单,U01148,否,否,女,服饰,187,1,否,0,0,1
2023-06-21 00:00:00,O00001590,直播下单,U01627,是,否,女,数码,111,1,是,0,0,0
2023-06-21 00:00:00,O00001591,直播下单,U00301,否,否,男,食品,124,1,是,0,0,0
2023-06-21 00:00:00,O00001592,直播下单,U01501,否,否,男,服饰,107,2,否,0,0,1
2023-06-21 00:00:00,O00001593,直播下单,U01509,否,否,男,家居,191,1,否,0,0,1
2023-06-21 00:00:00,O00001594,直播下单,U01085,否,是,女,服饰,154,3,是,0,0,1
2023-06-21 00:00:00,O00001595,店铺下单,U01468,否,否,女,家居,58,1,是,0,0,0
2023-06-21 00:00:00,O00001596,直播下单,U01676,否,否,女,家居,91,1,否,0,0,0
2023-06-21 00:00:00,O00001597,直播下单,U00146,否,否,女,家居,179,1,否,0,0,1
2023-06-21 00:00:00,O00001598,直播下单,U00014,否,是,女,家居,49,1,否,0,0,1
2023-06-21 00:00:00,O00001599,店铺下单,U00508,是,否,女,数码,162,1,是,0,0,0
2023-06-21 00:00:00,O00001600,店铺下单,U00410,否,否,男,服饰,184,1,是,0,0,0
2023-06-21 00:00:00,O00001601,直播下单,U00042,是,否,女,食品,82,1,否,0,0,0
2023-06-21 00:00:00,O00001602,店铺下单,U01306,否,否,女,家居,49,1,否,0,0,0
2023-06-21 00:00:00,O00001603,直播下单,U01453,是,否,女,食品,126,1,否,0,0,1
2023-06-21 00:00:00,O00001604,直播下单,U01448,是,否,女,数码,155,3,是,0,0,1
2023-06-22 00:00:00,O00001605,直播下单,U00389,否,否,男,服饰,124,1,否,0,0,1
2023-06-22 00:00:00,O00001606,店铺下单,U00469,是,否,女,食品,66,1,否,0,0,1
2023-06-22 00:00:00,O00001607,直播下单,U01466,是,是,男,家居,124,1,是,0,0,1
2023-06-22 00:00:00,O00001608,店铺下单,U00311,否,是,女,家居,166,1,否,0,0,0
2023-06-22 00:00:00,O00001609,店铺下单,U00167,是,是,男,服饰,142,2,否,0,0,1
2023-06-22 00:00:00,O00001610,直播下单,U00221,否,是,男,数码,122,4,否,0,0,0
2023-06-22 00:00:00,O00001611,店铺下单,U01669,是,否,男,数码,196,1,是,0,0,0
2023-06-22 00:00:00,O00001612,直播下单,U01338,是,是,女,服饰,180,1,否,0,1,0
2023-06-22 00:00:00,O00001613,直播下单,U01277,否,否,男,服饰,135,1,否,1,0,0
2023-06-22 00:00:00,O00001614,直播下单,U00500,是,否,女,家居,40,1,否,0,0,1
2023-06-22 00:00:00,O00001615,直播下单,U01572,否,否,男,数码,114,1,否,0,0,1
2023-06-22 00:00:00,O00001616,店铺下单,U01761,否,是,男,食品,189,1,是,0,0,1
2023-06-23 00:00:00,O00001617,直播下单,U01172,是,否,男,服饰,87,3,否,0,0,1
2023-06-23 00:00:00,O00001618,直播下单,U01243,否,是,男,数码,167,1,是,0,0,1
2023-06-23 00:00:00,O00001619,店铺下单,U01503,否,是,女,家居,83,1,否,0,0,1
2023-06-23 00:00:00,O00001620,直播下单,U00260,否,是,男,数码,75,2,否,0,0,1
2023-06-23 00:00:00,O00001621,直播下单,U01517,是,否,女,数码,192,1,是,0,0,1
2023-06-23 00:00:00,O00001622,店铺下单,U01664,否,否,男,食品,120,1,否,0,0,1
2023-06-23 00:00:00,O00001623,直播下单,U00978,是,否,女,数码,162,1,是,0,0,0
2023-06-23 00:00:00,O00001624,店铺下单,U01625,否,否,男,服饰,144,1,否,0,0,1
2023-06-23 00:00:00,O00001625,直播下单,U00634,是,是,女,数码,99,1,是,0,0,1
2023-06-23 00:00:00,O00001626,直播下单,U01041,否,否,女,家居,64,3,否,0,0,1
2023-06-23 00:00:00,O00001627,直播下单,U01400,是,是,男,家居,121,1,是,0,0,0
2023-06-23 00:00:00,O00001628,店铺下单,U01057,是,否,女,服饰,95,1,否,0,0,1
2023-06-23 00:00:00,O00001629,店铺下单,U00889,否,否,女,数码,43,1,是,0,0,1
2023-06-24 00:00:00,O00001630,直播下单,U01907,否,否,男,食品,41,1,是,0,0,1
2023-06-24 00:00:00,O00001631,直播下单,U01546,否,是,女,服饰,93,1,否,0,0,1
2023-06-24 00:00:00,O00001632,直播下单,U01166,否,否,男,数码,127,1,否,0,0,1
2023-06-24 00:00:00,O00001633,店铺下单,U00201,是,是,男,服饰,172,1,是,0,0,1
2023-06-24 00:00:00,O00001634,直播下单,U01418,否,是,男,服饰,81,1,否,1,0,1
2023-06-24 00:00:00,O00001635,店铺下单,U01776,是,否,男,数码,92,1,是,0,0,1
2023-06-24 00:00:00,O00001636,直播下单,U01261,是,否,女,食品,106,1,是,0,0,1
2023-06-25 00:00:00,O00001637,直播下单,U01682,是,否,男,服饰,103,1,是,0,0,1
2023-06-25 00:00:00,O00001638,店铺下单,U00738,否,否,男,数码,171,1,否,0,0,1
2023-06-25 00:00:00,O00001639,直播下单,U00167,是,否,女,服饰,65,1,否,0,0,1
2023-06-25 00:00:00,O00001640,店铺下单,U01219,否,是,男,家居,106,3,否,0,0,1
2023-06-25 00:00:00,O00001641,直播下单,U00606,否,否,男,服饰,124,1,是,0,0,1
2023-06-26 00:00:00,O00001642,店铺下单,U01825,否,是,女,服饰,170,2,否,0,0,1
2023-06-26 00:00:00,O00001643,店铺下单,U01158,否,是,女,家居,152,1,是,0,0,0
2023-06-26 00:00:00,O00001644,直播下单,U01912,是,否,男,家居,84,1,否,0,0,1
2023-06-26 00:00:00,O00001645,店铺下单,U00526,否,否,女,数码,171,1,是,0,0,0
2023-06-26 00:00:00,O00001646,直播下单,U00837,否,是,男,服饰,126,2,是,0,0,1
2023-06-26 00:00:00,O00001647,店铺下单,U01412,否,否,女,服饰,134,1,是,0,0,1
2023-06-27 00:00:00,O00001648,直播下单,U01329,否,否,女,数码,49,1,是,0,0,1
2023-06-27 00:00:00,O00001649,店铺下单,U00513,是,否,男,数码,79,1,否,0,0,1
2023-06-27 00:00:00,O00001650,直播下单,U01897,否,否,女,服饰,130,1,是,0,0,1
2023-06-27 00:00:00,O00001651,直播下单,U00877,否,否,女,服饰,87,1,是,0,0,1
2023-06-27 00:00:00,O00001652,直播下单,U01252,是,否,女,数码,40,1,否,0,0,0
2023-06-27 00:00:00,O00001653,店铺下单,U00498,否,否,男,家居,164,1,是,0,0,0
2023-06-27 00:00:00,O00001654,店铺下单,U01723,是,否,男,数码,49,1,否,0,0,0
2023-06-28 00:00:00,O00001655,直播下单,U00487,否,否,女,服饰,101,1,否,0,0,0
2023-06-28 00:00:00,O00001656,店铺下单,U00637,是,否,男,服饰,166,2,是,0,0,1
2023-06-28 00:00:00,O00001657,直播下单,U00888,是,否,男,数码,177,1,是,0,0,1
2023-06-28 00:00:00,O00001658,店铺下单,U01232,是,否,男,家居,95,1,否,0,0,0
2023-06-28 00:00:00,O00001659,直播下单,U00031,否,否,男,食品,155,1,否,0,0,1
2023-06-28 00:00:00,O00001660,直播下单,U01079,否,是,男,家居,85,1,否,0,0,1
2023-06-28 00:00:00,O00001661,直播下单,U01164,否,否,女,家居,64,1,是,0,0,1
2023-06-28 00:00:00,O00001662,直播下单,U00853,是,否,女,家居,149,2,否,0,0,1
2023-06-28 00:00:00,O00001663,店铺下单,U00926,否,是,女,食品,119,1,是,0,0,0
2023-06-28 00:00:00,O00001664,直播下单,U01233,否,否,女,数码,40,1,否,0,0,0
2023-06-28 00:00:00,O00001665,店铺下单,U00616,否,否,女,服饰,182,1,否,0,0,1
2023-06-28 00:00:00,O00001666,直播下单,U01396,否,否,男,数码,70,1,是,0,0,1
2023-06-29 00:00:00,O00001667,店铺下单,U00089,否,否,男,服饰,180,2,是,0,0,1
2023-06-29 00:00:00,O00001668,直播下单,U01608,是,否,女,家居,146,1,是,0,0,0
2023-06-29 00:00:00,O00001669,直播下单,U00985,否,否,女,家居,159,1,否,0,0,1
2023-06-29 00:00:00,O00001670,直播下单,U01437,否,否,女,数码,49,1,否,0,0,1
2023-06-29 00:00:00,O00001671,直播下单,U01959,否,是,女,数码,180,1,否,0,0,1
2023-06-29 00:00:00,O00001672,店铺下单,U00224,否,是,女,服饰,127,1,是,0,0,1
2023-06-29 00:00:00,O00001673,直播下单,U01207,否,否,男,食品,151,2,否,0,0,1
2023-06-29 00:00:00,O00001674,直播下单,U01561,否,否,男,家居,193,1,否,0,0,1
2023-06-29 00:00:00,O00001675,直播下单,U00263,是,否,男,家居,127,1,是,0,0,1
2023-06-30 00:00:00,O00001676,直播下单,U00258,是,否,女,服饰,137,1,是,0,0,0
2023-06-30 00:00:00,O00001677,店铺下单,U01821,否,否,女,数码,83,3,否,0,0,1
2023-06-30 00:00:00,O00001678,直播下单,U00937,是,否,男,服饰,49,1,否,0,0,1
2023-06-30 00:00:00,O00001679,店铺下单,U01547,否,否,男,家居,82,1,是,0,0,1
2023-06-30 00:00:00,O00001680,直播下单,U01699,是,否,男,数码,187,2,否,0,0,1
2023-06-30 00:00:00,O00001681,店铺下单,U00623,否,否,女,数码,120,1,否,0,0,1
2023-06-30 00:00:00,O00001682,直播下单,U00920,否,否,男,数码,135,1,是,0,0,1
2023-06-30 00:00:00,O00001683,店铺下单,U01913,否,是,男,服饰,57,1,是,0,0,1
2023-06-30 00:00:00,O00001684,直播下单,U00867,否,是,女,数码,127,1,是,0,0,1
2023-06-30 00:00:00,O00001685,店铺下单,U01949,是,否,女,服饰,162,4,是,0,0,1
2023-07-01 00:00:00,O00001686,直播下单,U00132,否,否,女,家居,185,1,是,0,0,1
2023-07-01 00:00:00,O00001687,店铺下单,U00882,是,否,女,数码,41,1,否,0,0,0
2023-07-01 00:00:00,O00001688,直播下单,U00104,否,是,男,家居,39,1,是,0,0,1
2023-07-01 00:00:00,O00001689,直播下单,U01070,否,否,男,服饰,102,1,否,0,0,1
2023-07-01 00:00:00,O00001690,直播下单,U00050,是,否,男,服饰,135,1,否,0,0,1
2023-07-01 00:00:00,O00001691,店铺下单,U01900,否,否,女,家居,158,1,是,0,0,1
2023-07-01 00:00:00,O00001692,直播下单,U01837,否,否,女,食品,44,1,否,0,0,1
2023-07-01 00:00:00,O00001693,直播下单,U01815,否,否,女,服饰,90,1,是,0,0,1
2023-07-02 00:00:00,O00001694,直播下单,U01791,否,否,男,食品,60,1,否,0,0,1
2023-07-02 00:00:00,O00001695,直播下单,U01492,是,否,女,数码,97,1,是,0,0,1
2023-07-02 00:00:00,O00001696,直播下单,U01892,否,否,女,服饰,53,1,否,0,0,1
2023-07-02 00:00:00,O00001697,店铺下单,U00888,否,是,男,家居,46,1,否,0,0,1
2023-07-02 00:00:00,O00001698,店铺下单,U00422,否,否,男,数码,127,1,是,0,0,1
2023-07-02 00:00:00,O00001699,店铺下单,U01359,是,否,男,数码,144,1,否,0,0,1
2023-07-02 00:00:00,O00001700,直播下单,U01492,否,否,男,数码,133,1,否,0,0,0
2023-07-02 00:00:00,O00001701,直播下单,U00444,是,否,男,服饰,59,1,否,0,0,1
2023-07-02 00:00:00,O00001702,直播下单,U01654,否,否,女,服饰,63,1,是,0,0,1
2023-07-02 00:00:00,O00001703,直播下单,U00261,否,否,男,家居,194,1,否,0,0,1
2023-07-03 00:00:00,O00001704,直播下单,U00175,否,是,女,家居,55,1,是,0,0,1
2023-07-03 00:00:00,O00001705,店铺下单,U00715,否,否,男,家居,72,1,否,0,0,1
2023-07-03 00:00:00,O00001706,直播下单,U01840,是,否,女,服饰,140,1,否,0,0,0
2023-07-03 00:00:00,O00001707,直播下单,U00777,否,否,女,数码,174,1,否,0,0,1
2023-07-03 00:00:00,O00001708,店铺下单,U01639,否,否,男,家居,123,1,是,0,0,1
2023-07-03 00:00:00,O00001709,直播下单,U00788,是,是,女,服饰,188,2,否,0,0,1
2023-07-03 00:00:00,O00001710,直播下单,U00234,否,否,女,数码,164,1,否,0,0,1
2023-07-03 00:00:00,O00001711,直播下单,U00615,否,否,女,食品,80,1,是,0,0,1
2023-07-04 00:00:00,O00001712,直播下单,U00106,否,否,女,服饰,50,1,否,0,0,1
2023-07-04 00:00:00,O00001713,店铺下单,U00386,否,否,女,家居,141,1,是,0,1,1
2023-07-04 00:00:00,O00001714,店铺下单,U00366,否,否,男,家居,84,1,是,0,0,1
2023-07-04 00:00:00,O00001715,店铺下单,U01821,是,否,男,数码,78,1,否,0,0,0
2023-07-04 00:00:00,O00001716,店铺下单,U01379,是,否,男,食品,40,1,是,0,0,1
2023-07-04 00:00:00,O00001717,直播下单,U01782,否,否,女,数码,69,1,否,0,0,1
2023-07-04 00:00:00,O00001718,直播下单,U00038,否,否,女,食品,167,1,否,0,0,1
2023-07-04 00:00:00,O00001719,直播下单,U01242,否,是,男,家居,182,1,否,0,1,1
2023-07-04 00:00:00,O00001720,直播下单,U00659,否,否,女,服饰,165,2,是,0,0,1
2023-07-05 00:00:00,O00001721,店铺下单,U00386,否,否,女,食品,170,1,是,0,0,1
2023-07-05 00:00:00,O00001722,直播下单,U00233,否,是,男,服饰,118,1,否,0,0,1
2023-07-05 00:00:00,O00001723,直播下单,U00344,否,是,女,家居,51,1,否,0,0,0
2023-07-05 00:00:00,O00001724,直播下单,U00571,否,是,男,数码,164,1,是,0,0,1
2023-07-05 00:00:00,O00001725,直播下单,U01840,否,是,男,食品,68,1,否,0,0,1
2023-07-05 00:00:00,O00001726,直播下单,U01192,否,否,男,服饰,145,1,是,0,0,1
2023-07-05 00:00:00,O00001727,直播下单,U01278,否,否,男,服饰,176,1,是,0,0,1
2023-07-05 00:00:00,O00001728,直播下单,U01894,否,否,女,家居,75,1,否,0,0,1
2023-07-05 00:00:00,O00001729,店铺下单,U00955,否,否,男,服饰,102,1,是,0,0,1
2023-07-05 00:00:00,O00001730,直播下单,U01325,否,否,男,家居,198,1,否,0,0,1
2023-07-05 00:00:00,O00001731,直播下单,U00863,否,否,女,家居,178,3,否,0,0,1
2023-07-06 00:00:00,O00001732,直播下单,U00214,否,否,男,数码,146,1,是,1,0,1
2023-07-06 00:00:00,O00001733,店铺下单,U00553,否,否,男,服饰,65,1,是,0,0,0
2023-07-06 00:00:00,O00001734,店铺下单,U01118,否,否,女,数码,55,1,否,0,0,1
2023-07-06 00:00:00,O00001735,直播下单,U00188,否,是,女,家居,133,1,是,0,0,0
2023-07-06 00:00:00,O00001736,直播下单,U00109,否,否,女,数码,116,1,否,0,0,1
2023-07-06 00:00:00,O00001737,店铺下单,U00491,否,否,女,食品,177,2,否,0,0,1
2023-07-06 00:00:00,O00001738,直播下单,U00540,否,是,男,家居,87,1,否,0,0,1
2023-07-06 00:00:00,O00001739,店铺下单,U01404,否,否,男,数码,141,1,否,0,0,1
2023-07-06 00:00:00,O00001740,直播下单,U01601,是,是,女,服饰,146,1,是,0,0,1
2023-07-06 00:00:00,O00001741,直播下单,U01460,是,否,女,数码,97,1,否,0,0,1
2023-07-06 00:00:00,O00001742,直播下单,U00469,否,否,女,家居,199,1,是,0,0,0
2023-07-06 00:00:00,O00001743,直播下单,U00523,否,否,女,家居,96,1,否,1,0,1
2023-07-07 00:00:00,O00001744,直播下单,U01664,否,否,男,家居,114,1,是,0,0,1
2023-07-07 00:00:00,O00001745,直播下单,U01097,否,否,男,家居,143,1,是,0,0,1
2023-07-07 00:00:00,O00001746,直播下单,U01262,否,否,男,数码,129,1,否,0,0,0
2023-07-07 00:00:00,O00001747,直播下单,U00326,否,否,女,数码,161,1,否,0,0,0
2023-07-07 00:00:00,O00001748,直播下单,U01405,否,是,女,家居,67,1,是,0,0,1
2023-07-07 00:00:00,O00001749,店铺下单,U01656,否,否,男,数码,164,2,否,0,1,1
2023-07-07 00:00:00,O00001750,店铺下单,U01117,否,是,男,服饰,166,1,否,0,0,0
2023-07-07 00:00:00,O00001751,店铺下单,U00791,否,否,男,食品,148,3,是,0,0,1
2023-07-07 00:00:00,O00001752,直播下单,U00906,是,否,男,食品,96,1,是,0,0,0
2023-07-07 00:00:00,O00001753,店铺下单,U01217,是,否,女,服饰,60,1,否,0,0,1
2023-07-07 00:00:00,O00001754,店铺下单,U01130,是,是,男,家居,99,1,是,0,0,1
2023-07-08 00:00:00,O00001755,店铺下单,U01844,是,是,男,食品,45,2,否,0,0,1
2023-07-08 00:00:00,O00001756,店铺下单,U00016,是,是,男,服饰,86,2,否,0,0,1
2023-07-08 00:00:00,O00001757,店铺下单,U00104,否,否,女,家居,52,1,否,0,0,1
2023-07-08 00:00:00,O00001758,直播下单,U01719,否,否,男,数码,198,1,否,0,0,0
2023-07-08 00:00:00,O00001759,直播下单,U00852,否,是,女,家居,68,1,是,0,0,0
2023-07-08 00:00:00,O00001760,店铺下单,U00776,否,否,女,数码,169,1,是,0,0,1
2023-07-08 00:00:00,O00001761,店铺下单,U01159,否,是,女,服饰,139,1,否,0,0,0
2023-07-08 00:00:00,O00001762,直播下单,U00966,是,是,男,数码,82,1,否,0,0,1
2023-07-08 00:00:00,O00001763,直播下单,U00213,是,否,男,食品,193,1,是,0,0,0
2023-07-08 00:00:00,O00001764,店铺下单,U00913,否,否,女,食品,85,1,否,0,0,0
2023-07-09 00:00:00,O00001765,店铺下单,U00211,否,否,男,食品,137,1,否,0,0,1
2023-07-09 00:00:00,O00001766,店铺下单,U01462,否,否,女,服饰,44,1,否,0,0,1
2023-07-09 00:00:00,O00001767,店铺下单,U00002,是,否,女,家居,125,1,是,0,0,1
2023-07-09 00:00:00,O00001768,店铺下单,U00585,否,否,女,食品,54,1,否,0,0,1
2023-07-09 00:00:00,O00001769,店铺下单,U00963,是,否,女,家居,152,1,是,0,0,1
2023-07-09 00:00:00,O00001770,直播下单,U00892,否,否,男,服饰,161,1,否,0,0,1
2023-07-09 00:00:00,O00001771,店铺下单,U00958,否,否,女,服饰,68,1,否,0,0,1
2023-07-09 00:00:00,O00001772,店铺下单,U00537,否,否,女,服饰,73,1,否,0,0,1
2023-07-09 00:00:00,O00001773,直播下单,U00389,是,否,男,服饰,111,1,是,0,0,1
2023-07-10 00:00:00,O00001774,直播下单,U00625,是,否,男,数码,49,1,是,0,0,1
2023-07-10 00:00:00,O00001775,店铺下单,U01863,是,否,男,数码,87,1,是,0,0,1
2023-07-10 00:00:00,O00001776,直播下单,U01932,是,否,男,数码,86,2,否,0,0,1
2023-07-10 00:00:00,O00001777,店铺下单,U00007,否,否,女,家居,147,1,否,1,0,1
2023-07-10 00:00:00,O00001778,店铺下单,U01301,是,否,女,家居,99,1,否,0,0,1
2023-07-10 00:00:00,O00001779,店铺下单,U00295,否,否,男,服饰,156,1,是,1,0,0
2023-07-10 00:00:00,O00001780,直播下单,U01893,否,否,女,数码,119,1,否,0,0,1
2023-07-10 00:00:00,O00001781,店铺下单,U00643,是,是,男,数码,198,1,是,0,0,1
2023-07-11 00:00:00,O00001782,直播下单,U01390,否,否,女,食品,153,1,否,0,0,1
2023-07-11 00:00:00,O00001783,店铺下单,U00380,否,是,女,服饰,53,2,是,0,0,1
2023-07-11 00:00:00,O00001784,店铺下单,U00639,是,否,女,家居,148,1,是,0,0,1
2023-07-12 00:00:00,O00001785,店铺下单,U00981,否,否,男,服饰,135,1,否,0,0,1
2023-07-12 00:00:00,O00001786,直播下单,U01931,否,否,男,家居,166,1,否,0,1,1
2023-07-12 00:00:00,O00001787,直播下单,U01227,是,是,女,数码,111,1,否,0,0,0
2023-07-12 00:00:00,O00001788,店铺下单,U00818,否,否,女,食品,137,1,是,0,0,1
2023-07-12 00:00:00,O00001789,店铺下单,U00735,否,否,女,服饰,149,1,否,0,0,1
2023-07-12 00:00:00,O00001790,店铺下单,U01625,否,否,男,数码,176,1,否,0,0,1
2023-07-12 00:00:00,O00001791,店铺下单,U01277,否,是,男,食品,110,1,否,0,0,1
2023-07-13 00:00:00,O00001792,直播下单,U01655,否,否,女,家居,70,1,是,0,0,0
2023-07-13 00:00:00,O00001793,直播下单,U01873,是,否,男,数码,98,1,是,0,0,1
2023-07-13 00:00:00,O00001794,店铺下单,U01774,是,否,男,服饰,147,1,否,0,0,1
2023-07-13 00:00:00,O00001795,直播下单,U00056,否,否,女,食品,99,1,是,0,0,0
2023-07-14 00:00:00,O00001796,直播下单,U01992,否,否,男,家居,160,1,是,0,0,1
2023-07-14 00:00:00,O00001797,直播下单,U01982,是,否,男,数码,116,1,否,0,0,0
2023-07-14 00:00:00,O00001798,店铺下单,U01228,否,否,女,数码,154,1,否,0,0,0
2023-07-14 00:00:00,O00001799,店铺下单,U00330,否,否,女,家居,93,1,否,0,0,0
2023-07-14 00:00:00,O00001800,直播下单,U00582,否,是,女,数码,72,1,否,0,0,1
2023-07-14 00:00:00,O00001801,店铺下单,U00412,是,否,男,服饰,124,1,否,0,0,1
2023-07-14 00:00:00,O00001802,店铺下单,U01407,否,否,女,家居,101,2,否,0,0,1
2023-07-14 00:00:00,O00001803,店铺下单,U00526,是,否,男,食品,94,1,否,0,0,1
2023-07-15 00:00:00,O00001804,店铺下单,U00908,否,否,男,数码,44,1,否,0,0,1
2023-07-15 00:00:00,O00001805,直播下单,U00919,否,否,女,数码,121,1,否,0,0,1
2023-07-15 00:00:00,O00001806,店铺下单,U00757,是,是,女,服饰,127,1,否,0,0,1
2023-07-16 00:00:00,O00001807,直播下单,U01003,否,否,女,服饰,176,1,否,0,0,1
2023-07-16 00:00:00,O00001808,店铺下单,U01208,否,是,女,数码,72,4,否,0,0,0
2023-07-16 00:00:00,O00001809,店铺下单,U00357,否,是,女,数码,39,2,否,0,0,1
2023-07-16 00:00:00,O00001810,店铺下单,U01572,是,是,女,数码,192,1,否,0,0,1
2023-07-16 00:00:00,O00001811,店铺下单,U01491,否,否,女,家居,179,1,否,0,0,1
2023-07-16 00:00:00,O00001812,直播下单,U00164,否,否,女,服饰,188,1,否,0,0,1
2023-07-16 00:00:00,O00001813,直播下单,U00864,否,是,男,家居,199,1,否,0,0,0
2023-07-16 00:00:00,O00001814,直播下单,U00074,否,是,男,家居,158,1,是,0,0,1
2023-07-16 00:00:00,O00001815,直播下单,U00174,否,否,男,家居,135,1,否,0,0,1
2023-07-16 00:00:00,O00001816,店铺下单,U00864,是,否,男,服饰,139,1,否,1,0,1
2023-07-17 00:00:00,O00001817,店铺下单,U01841,是,是,男,数码,72,1,否,0,0,1
2023-07-17 00:00:00,O00001818,店铺下单,U00855,是,否,女,食品,45,1,是,0,0,0
2023-07-17 00:00:00,O00001819,店铺下单,U01906,是,否,女,数码,107,1,否,0,0,1
2023-07-17 00:00:00,O00001820,店铺下单,U00910,是,否,男,食品,126,1,是,0,0,1
2023-07-17 00:00:00,O00001821,店铺下单,U01588,否,否,女,食品,171,4,否,0,0,1
2023-07-17 00:00:00,O00001822,店铺下单,U01818,否,是,女,服饰,120,1,否,0,0,1
2023-07-18 00:00:00,O00001823,店铺下单,U00126,否,否,女,服饰,172,1,否,0,0,1
2023-07-18 00:00:00,O00001824,店铺下单,U00448,是,否,男,数码,40,4,是,0,0,1
2023-07-18 00:00:00,O00001825,店铺下单,U01028,否,否,女,数码,150,2,是,0,0,1
2023-07-18 00:00:00,O00001826,直播下单,U00163,是,是,女,家居,94,1,是,0,0,1
2023-07-18 00:00:00,O00001827,直播下单,U01977,是,否,男,数码,198,1,否,0,0,1
2023-07-18 00:00:00,O00001828,直播下单,U00161,否,否,女,数码,181,1,否,0,0,1
2023-07-18 00:00:00,O00001829,直播下单,U00771,否,否,女,数码,167,1,否,0,0,0
2023-07-18 00:00:00,O00001830,店铺下单,U01892,否,否,女,家居,161,1,否,0,0,1
2023-07-18 00:00:00,O00001831,店铺下单,U01928,否,否,女,家居,125,1,是,0,0,1
2023-07-18 00:00:00,O00001832,店铺下单,U01605,是,否,女,家居,104,1,否,0,0,1
2023-07-18 00:00:00,O00001833,直播下单,U01759,是,否,男,食品,85,1,否,0,0,1
2023-07-18 00:00:00,O00001834,店铺下单,U00442,是,否,男,服饰,120,1,是,0,0,0
2023-07-18 00:00:00,O00001835,店铺下单,U01159,否,是,女,家居,95,1,否,0,0,1
2023-07-18 00:00:00,O00001836,店铺下单,U01771,是,是,女,家居,98,2,否,0,0,0
2023-07-19 00:00:00,O00001837,店铺下单,U01777,是,否,女,服饰,136,2,否,0,0,1
2023-07-19 00:00:00,O00001838,店铺下单,U00500,是,否,女,服饰,127,1,否,0,0,1
2023-07-19 00:00:00,O00001839,店铺下单,U01470,是,是,女,数码,191,1,否,0,0,0
2023-07-19 00:00:00,O00001840,店铺下单,U00226,否,否,男,数码,139,1,否,0,0,1
2023-07-19 00:00:00,O00001841,直播下单,U01246,是,否,女,食品,62,1,否,0,0,1
2023-07-19 00:00:00,O00001842,店铺下单,U01243,否,否,男,食品,98,1,否,0,0,1
2023-07-19 00:00:00,O00001843,直播下单,U00227,否,是,女,服饰,189,1,否,0,0,1
2023-07-19 00:00:00,O00001844,直播下单,U00726,否,是,女,数码,159,1,是,0,0,0
2023-07-19 00:00:00,O00001845,店铺下单,U00022,否,否,女,家居,130,1,是,0,0,1
2023-07-19 00:00:00,O00001846,直播下单,U00531,是,否,女,家居,134,1,否,0,0,0
2023-07-19 00:00:00,O00001847,店铺下单,U00377,否,否,男,家居,113,1,否,0,0,1
2023-07-19 00:00:00,O00001848,直播下单,U00599,是,否,女,数码,176,1,是,0,0,1
2023-07-19 00:00:00,O00001849,直播下单,U01282,是,否,女,数码,144,1,是,0,0,1
2023-07-20 00:00:00,O00001850,店铺下单,U01101,否,否,男,服饰,40,1,是,0,0,1
2023-07-20 00:00:00,O00001851,直播下单,U01179,否,否,男,家居,126,1,否,0,0,1
2023-07-20 00:00:00,O00001852,店铺下单,U00201,否,是,女,食品,43,1,是,1,0,0
2023-07-20 00:00:00,O00001853,店铺下单,U00102,否,否,女,食品,138,1,是,0,0,1
2023-07-20 00:00:00,O00001854,直播下单,U00184,是,是,女,家居,186,1,是,0,0,1
2023-07-20 00:00:00,O00001855,店铺下单,U00899,是,是,女,家居,66,1,是,0,0,0
2023-07-20 00:00:00,O00001856,店铺下单,U00164,否,否,女,数码,64,1,是,0,0,1
2023-07-20 00:00:00,O00001857,直播下单,U00517,是,否,男,数码,183,1,是,0,0,0
2023-07-20 00:00:00,O00001858,直播下单,U00136,是,否,女,食品,138,1,是,0,0,1
2023-07-20 00:00:00,O00001859,直播下单,U00647,否,否,女,数码,170,1,是,0,0,1
2023-07-20 00:00:00,O00001860,店铺下单,U01330,否,否,男,家居,78,1,是,0,0,1
2023-07-20 00:00:00,O00001861,直播下单,U00752,否,否,女,服饰,184,1,是,1,0,1
2023-07-20 00:00:00,O00001862,店铺下单,U01561,否,否,男,数码,136,1,否,1,0,1
2023-07-20 00:00:00,O00001863,店铺下单,U01771,否,否,女,数码,100,1,否,0,0,1
2023-07-21 00:00:00,O00001864,直播下单,U01799,是,否,男,家居,184,1,是,0,0,0
2023-07-21 00:00:00,O00001865,直播下单,U01111,否,是,女,数码,86,1,是,0,0,0
2023-07-21 00:00:00,O00001866,店铺下单,U00744,是,否,男,食品,70,1,否,0,0,0
2023-07-21 00:00:00,O00001867,直播下单,U00500,否,是,男,数码,166,1,是,0,0,1
2023-07-21 00:00:00,O00001868,店铺下单,U00173,否,是,女,家居,105,2,否,0,0,1
2023-07-21 00:00:00,O00001869,直播下单,U01435,否,否,女,数码,40,4,是,0,0,0
2023-07-21 00:00:00,O00001870,店铺下单,U01454,否,否,女,数码,56,1,否,0,0,1
2023-07-21 00:00:00,O00001871,直播下单,U01332,否,否,女,数码,53,1,否,0,0,1
2023-07-21 00:00:00,O00001872,直播下单,U00584,是,否,女,数码,68,1,是,0,0,1
2023-07-21 00:00:00,O00001873,店铺下单,U00236,否,否,男,服饰,142,1,否,0,0,0
2023-07-21 00:00:00,O00001874,直播下单,U01489,否,是,男,服饰,155,1,否,0,0,0
2023-07-21 00:00:00,O00001875,直播下单,U01296,否,否,女,服饰,108,2,否,0,0,1
2023-07-21 00:00:00,O00001876,店铺下单,U00319,否,是,男,食品,174,1,是,0,0,1
2023-07-22 00:00:00,O00001877,店铺下单,U00256,是,是,男,家居,174,1,是,0,0,1
2023-07-22 00:00:00,O00001878,店铺下单,U01150,否,否,男,服饰,183,1,否,0,0,1
2023-07-22 00:00:00,O00001879,直播下单,U00802,是,否,男,食品,85,1,是,0,0,1
2023-07-22 00:00:00,O00001880,店铺下单,U01283,否,否,女,服饰,100,1,是,0,0,1
2023-07-22 00:00:00,O00001881,直播下单,U01483,是,否,女,数码,149,3,是,1,0,0
2023-07-22 00:00:00,O00001882,直播下单,U00413,否,是,女,食品,192,1,否,0,0,1
2023-07-22 00:00:00,O00001883,店铺下单,U01176,是,否,女,数码,190,4,是,0,0,1
2023-07-22 00:00:00,O00001884,店铺下单,U01800,是,否,男,食品,175,2,是,0,0,1
2023-07-22 00:00:00,O00001885,直播下单,U00920,否,否,女,数码,87,1,是,0,0,1
2023-07-23 00:00:00,O00001886,店铺下单,U01030,是,否,女,家居,60,1,是,0,0,1
2023-07-23 00:00:00,O00001887,店铺下单,U00172,否,否,男,数码,136,2,否,0,0,1
2023-07-23 00:00:00,O00001888,店铺下单,U01966,否,是,女,数码,127,1,是,0,0,1
2023-07-23 00:00:00,O00001889,直播下单,U01679,否,是,女,食品,182,1,是,0,0,0
2023-07-23 00:00:00,O00001890,店铺下单,U00875,否,是,男,服饰,148,1,否,0,0,1
2023-07-23 00:00:00,O00001891,店铺下单,U00464,是,否,女,数码,82,1,是,0,0,1
2023-07-23 00:00:00,O00001892,店铺下单,U00521,否,否,女,家居,54,3,否,0,0,0
2023-07-23 00:00:00,O00001893,直播下单,U01720,否,否,男,家居,142,1,否,0,0,1
2023-07-23 00:00:00,O00001894,直播下单,U00871,是,否,男,食品,49,1,是,0,1,1
2023-07-23 00:00:00,O00001895,店铺下单,U00850,是,是,男,家居,116,1,是,0,0,0
2023-07-24 00:00:00,O00001896,直播下单,U01190,是,否,女,食品,140,1,否,0,0,0
2023-07-24 00:00:00,O00001897,店铺下单,U01138,是,否,男,服饰,182,1,是,0,0,0
2023-07-24 00:00:00,O00001898,店铺下单,U01609,否,否,女,食品,129,1,是,0,0,1
2023-07-24 00:00:00,O00001899,店铺下单,U00835,否,否,女,服饰,101,1,是,0,0,1
2023-07-24 00:00:00,O00001900,直播下单,U00769,否,是,女,服饰,170,1,否,0,0,1
2023-07-24 00:00:00,O00001901,店铺下单,U00210,是,否,男,家居,50,1,否,0,0,1
2023-07-24 00:00:00,O00001902,直播下单,U01162,否,否,男,数码,109,1,否,0,0,1
2023-07-24 00:00:00,O00001903,直播下单,U00356,否,是,男,数码,196,1,否,0,0,1
2023-07-24 00:00:00,O00001904,店铺下单,U00153,否,否,女,数码,198,1,否,0,0,1
2023-07-24 00:00:00,O00001905,直播下单,U01039,是,是,男,家居,103,2,是,0,0,0
2023-07-24 00:00:00,O00001906,直播下单,U01250,否,否,男,数码,95,1,是,0,0,1
2023-07-24 00:00:00,O00001907,直播下单,U00929,否,否,男,数码,97,3,是,0,0,1
2023-07-25 00:00:00,O00001908,店铺下单,U01046,是,是,女,服饰,50,1,否,0,0,1
2023-07-25 00:00:00,O00001909,店铺下单,U00522,是,是,女,食品,73,1,是,0,0,1
2023-07-25 00:00:00,O00001910,店铺下单,U00149,是,否,男,服饰,81,1,否,0,0,1
2023-07-25 00:00:00,O00001911,直播下单,U00167,否,否,男,服饰,62,1,否,0,0,1
2023-07-25 00:00:00,O00001912,店铺下单,U00334,否,否,女,数码,162,1,是,0,0,1
2023-07-25 00:00:00,O00001913,店铺下单,U01280,否,是,男,服饰,195,1,否,0,0,1
2023-07-25 00:00:00,O00001914,直播下单,U00396,否,否,女,数码,143,1,否,0,0,1
2023-07-26 00:00:00,O00001915,直播下单,U00618,是,是,男,家居,101,1,是,0,0,1
2023-07-26 00:00:00,O00001916,直播下单,U01157,否,是,女,数码,118,1,否,0,0,1
2023-07-26 00:00:00,O00001917,直播下单,U00081,否,否,女,服饰,196,1,否,0,0,1
2023-07-26 00:00:00,O00001918,店铺下单,U00853,是,否,女,食品,184,2,是,0,0,1
2023-07-26 00:00:00,O00001919,店铺下单,U01300,否,否,男,服饰,136,2,否,0,0,1
2023-07-26 00:00:00,O00001920,直播下单,U01120,否,是,男,服饰,170,2,否,0,0,1
2023-07-26 00:00:00,O00001921,店铺下单,U01835,否,否,女,服饰,94,1,否,0,0,1
2023-07-26 00:00:00,O00001922,店铺下单,U00102,否,是,男,数码,85,1,是,0,0,1
2023-07-26 00:00:00,O00001923,直播下单,U01187,是,是,男,数码,199,2,否,0,0,1
2023-07-26 00:00:00,O00001924,店铺下单,U00914,是,否,女,服饰,182,1,是,0,0,1
2023-07-27 00:00:00,O00001925,直播下单,U01448,否,否,男,服饰,164,2,否,0,0,0
2023-07-27 00:00:00,O00001926,直播下单,U01453,否,否,男,数码,102,2,否,0,0,0
2023-07-27 00:00:00,O00001927,直播下单,U00001,否,否,女,服饰,167,2,否,0,0,0
2023-07-27 00:00:00,O00001928,直播下单,U01036,否,是,男,数码,137,1,否,0,0,0
2023-07-27 00:00:00,O00001929,店铺下单,U00470,否,否,男,家居,161,1,否,0,0,1
2023-07-27 00:00:00,O00001930,直播下单,U01253,否,是,男,服饰,103,2,否,0,0,1
2023-07-27 00:00:00,O00001931,店铺下单,U01617,是,否,男,服饰,171,3,是,0,0,0
2023-07-27 00:00:00,O00001932,直播下单,U00863,是,否,男,服饰,76,1,否,0,0,0
2023-07-27 00:00:00,O00001933,店铺下单,U00337,是,是,女,服饰,106,2,是,0,0,1
2023-07-27 00:00:00,O00001934,店铺下单,U00968,否,否,女,家居,151,1,是,0,0,1
2023-07-27 00:00:00,O00001935,直播下单,U01853,是,是,女,服饰,105,1,否,0,0,1
2023-07-27 00:00:00,O00001936,店铺下单,U01945,否,否,男,数码,162,1,是,0,0,1
2023-07-27 00:00:00,O00001937,店铺下单,U00640,否,否,女,数码,120,1,是,0,0,1
2023-07-27 00:00:00,O00001938,店铺下单,U00936,否,是,男,数码,172,1,否,0,0,0
2023-07-27 00:00:00,O00001939,店铺下单,U00876,是,否,男,数码,114,1,否,0,0,1
2023-07-27 00:00:00,O00001940,店铺下单,U00845,否,否,男,服饰,197,1,否,0,0,0
2023-07-27 00:00:00,O00001941,直播下单,U00881,否,否,女,食品,127,1,是,0,0,1
2023-07-27 00:00:00,O00001942,直播下单,U01851,否,是,女,服饰,197,2,否,0,0,1
2023-07-28 00:00:00,O00001943,直播下单,U00920,否,是,女,食品,75,1,是,0,0,0
2023-07-28 00:00:00,O00001944,店铺下单,U00869,否,否,男,数码,138,1,是,1,0,1
2023-07-28 00:00:00,O00001945,店铺下单,U01280,否,否,男,食品,187,1,是,0,0,1
2023-07-28 00:00:00,O00001946,店铺下单,U01779,否,是,女,食品,68,1,否,0,0,1
2023-07-28 00:00:00,O00001947,店铺下单,U01386,是,否,男,家居,63,1,否,0,0,0
2023-07-28 00:00:00,O00001948,店铺下单,U00083,是,是,女,家居,41,1,否,1,0,1
2023-07-28 00:00:00,O00001949,直播下单,U00040,否,否,男,服饰,162,2,否,0,0,1
2023-07-28 00:00:00,O00001950,店铺下单,U01438,是,否,男,服饰,160,1,否,0,0,1
2023-07-28 00:00:00,O00001951,直播下单,U01247,是,否,男,数码,86,1,否,0,0,1
2023-07-28 00:00:00,O00001952,店铺下单,U00772,否,否,男,数码,174,1,否,0,0,1
2023-07-28 00:00:00,O00001953,店铺下单,U00974,是,否,女,家居,167,1,否,1,0,1
2023-07-28 00:00:00,O00001954,店铺下单,U00767,否,是,女,家居,185,4,是,0,0,0
2023-07-28 00:00:00,O00001955,直播下单,U00916,否,否,男,服饰,185,1,否,0,0,1
2023-07-28 00:00:00,O00001956,店铺下单,U00792,是,否,男,服饰,96,1,否,0,0,1
2023-07-28 00:00:00,O00001957,直播下单,U00993,否,否,女,服饰,187,1,是,0,0,1
2023-07-29 00:00:00,O00001958,直播下单,U00774,否,是,女,服饰,184,1,否,0,0,1
2023-07-29 00:00:00,O00001959,店铺下单,U00823,否,否,女,服饰,171,1,否,0,0,1
2023-07-29 00:00:00,O00001960,店铺下单,U00562,否,否,男,食品,97,2,否,0,0,1
2023-07-29 00:00:00,O00001961,店铺下单,U01454,否,是,女,家居,160,1,是,0,0,0
2023-07-29 00:00:00,O00001962,店铺下单,U00269,否,否,男,食品,118,1,否,0,0,0
2023-07-29 00:00:00,O00001963,直播下单,U00365,否,是,男,服饰,118,1,否,0,0,1
2023-07-29 00:00:00,O00001964,店铺下单,U01713,否,否,女,家居,135,1,是,0,0,1
2023-07-29 00:00:00,O00001965,店铺下单,U00175,否,是,女,数码,97,1,否,0,0,0
2023-07-30 00:00:00,O00001966,店铺下单,U01668,是,否,女,服饰,156,1,否,0,0,0
2023-07-30 00:00:00,O00001967,店铺下单,U01550,否,是,男,服饰,116,1,是,0,0,1
2023-07-30 00:00:00,O00001968,直播下单,U01541,否,否,女,服饰,59,1,否,0,0,1
2023-07-30 00:00:00,O00001969,直播下单,U00607,否,否,男,家居,109,1,是,0,0,1
2023-07-30 00:00:00,O00001970,直播下单,U00639,否,是,女,服饰,65,2,否,0,0,1
2023-07-30 00:00:00,O00001971,店铺下单,U01998,是,否,女,数码,112,1,否,0,0,1
2023-07-30 00:00:00,O00001972,店铺下单,U01270,否,否,男,家居,143,1,否,1,0,0
2023-07-30 00:00:00,O00001973,直播下单,U00105,否,是,男,服饰,97,1,否,0,0,1
2023-07-30 00:00:00,O00001974,直播下单,U00714,是,否,男,家居,110,1,是,0,0,1
2023-07-30 00:00:00,O00001975,店铺下单,U00055,否,否,男,数码,139,1,否,1,0,1
2023-07-30 00:00:00,O00001976,店铺下单,U01823,否,否,男,数码,117,1,否,0,0,1
2023-07-30 00:00:00,O00001977,直播下单,U00340,否,否,男,服饰,54,1,是,0,0,1
2023-07-30 00:00:00,O00001978,店铺下单,U00544,否,否,男,服饰,59,1,否,0,0,1
2023-07-30 00:00:00,O00001979,直播下单,U01747,否,否,女,家居,162,1,否,0,0,0
2023-07-30 00:00:00,O00001980,店铺下单,U00696,否,是,女,食品,142,1,是,0,0,1
2023-07-31 00:00:00,O00001981,直播下单,U00176,否,否,男,数码,192,1,是,0,0,1
2023-07-31 00:00:00,O00001982,店铺下单,U01452,是,否,女,家居,187,1,是,0,0,0
2023-07-31 00:00:00,O00001983,店铺下单,U00927,否,否,男,数码,148,1,是,0,0,1
2023-07-31 00:00:00,O00001984,直播下单,U00764,否,是,女,食品,96,1,否,0,0,1
2023-07-31 00:00:00,O00001985,直播下单,U00917,否,否,男,家居,107,1,否,0,0,1
2023-07-31 00:00:00,O00001986,直播下单,U01790,否,否,女,家居,193,1,否,0,0,0
2023-07-31 00:00:00,O00001987,直播下单,U00974,否,否,男,数码,46,1,否,0,0,1
2023-07-31 00:00:00,O00001988,店铺下单,U01598,是,否,女,食品,153,1,否,0,0,1
2023-07-31 00:00:00,O00001989,直播下单,U00243,否,否,男,服饰,131,1,否,0,0,1
2023-07-31 00:00:00,O00001990,店铺下单,U01889,是,是,女,服饰,54,1,否,1,0,1
2023-08-01 00:00:00,O00001991,直播下单,U00794,否,否,男,食品,181,1,是,0,0,0
2023-08-01 00:00:00,O00001992,店铺下单,U01197,否,否,女,食品,167,1,否,0,0,1
2023-08-01 00:00:00,O00001993,直播下单,U00743,否,否,男,服饰,144,1,否,0,0,1
2023-08-01 00:00:00,O00001994,直播下单,U00023,是,否,男,家居,78,3,否,0,0,1
2023-08-01 00:00:00,O00001995,直播下单,U01166,否,是,男,家居,114,1,是,0,0,0
2023-08-02 00:00:00,O00001996,直播下单,U01824,是,否,男,食品,145,1,是,0,0,1
2023-08-02 00:00:00,O00001997,直播下单,U00866,是,否,男,服饰,71,1,是,0,0,1
2023-08-02 00:00:00,O00001998,直播下单,U01583,是,否,男,数码,198,1,是,0,0,0
2023-08-02 00:00:00,O00001999,店铺下单,U01433,否,否,女,服饰,180,1,否,0,0,0
2023-08-02 00:00:00,O00002000,店铺下单,U01838,否,否,女,服饰,67,1,是,0,0,1
2023-08-02 00:00:00,O00002001,直播下单,U00621,否,否,女,服饰,62,1,是,0,0,1
2023-08-02 00:00:00,O00002002,直播下单,U00706,是,否,女,数码,162,2,否,0,0,1
2023-08-02 00:00:00,O00002003,直播下单,U01226,是,否,男,食品,159,1,是,0,0,1
2023-08-02 00:00:00,O00002004,直播下单,U00045,否,否,女,数码,189,1,否,0,0,1
2023-08-02 00:00:00,O00002005,直播下单,U01216,否,否,男,食品,43,2,是,0,0,1
2023-08-02 00:00:00,O00002006,店铺下单,U00438,否,否,男,食品,153,1,否,0,0,0
2023-08-02 00:00:00,O00002007,店铺下单,U01156,是,否,女,家居,127,4,否,0,0,1
2023-08-02 00:00:00,O00002008,店铺下单,U00583,是,否,女,数码,152,1,是,0,0,1
2023-08-02 00:00:00,O00002009,店铺下单,U01827,否,否,男,服饰,199,2,是,0,0,1
2023-08-03 00:00:00,O00002010,店铺下单,U00532,否,否,男,服饰,116,1,是,0,0,1
2023-08-03 00:00:00,O00002011,店铺下单,U01132,否,是,男,家居,150,1,是,0,0,1
2023-08-03 00:00:00,O00002012,店铺下单,U00846,是,是,女,服饰,109,1,是,0,0,1
2023-08-03 00:00:00,O00002013,店铺下单,U01289,否,否,女,服饰,182,1,否,0,0,1
2023-08-03 00:00:00,O00002014,直播下单,U01817,否,是,男,服饰,113,1,是,0,0,0
2023-08-03 00:00:00,O00002015,直播下单,U00106,是,否,男,服饰,192,1,是,0,0,1
2023-08-04 00:00:00,O00002016,直播下单,U01808,否,是,男,食品,178,1,否,0,0,1
2023-08-04 00:00:00,O00002017,直播下单,U01679,是,是,女,服饰,82,1,是,1,0,1
2023-08-04 00:00:00,O00002018,直播下单,U00033,是,否,男,服饰,172,1,是,0,0,1
2023-08-04 00:00:00,O00002019,店铺下单,U00675,否,否,男,数码,112,2,否,0,0,1
2023-08-04 00:00:00,O00002020,店铺下单,U01928,是,否,男,数码,132,3,否,0,0,1
2023-08-04 00:00:00,O00002021,直播下单,U00609,否,否,女,家居,163,2,是,0,0,1
2023-08-04 00:00:00,O00002022,直播下单,U01191,否,否,女,家居,137,1,否,0,0,1
2023-08-04 00:00:00,O00002023,直播下单,U01968,是,否,男,服饰,100,1,否,0,0,1
2023-08-05 00:00:00,O00002024,直播下单,U01695,否,是,女,服饰,199,1,否,0,0,1
2023-08-05 00:00:00,O00002025,直播下单,U01085,是,否,女,食品,136,1,否,0,0,1
2023-08-05 00:00:00,O00002026,直播下单,U01823,否,否,男,服饰,131,1,否,0,0,1
2023-08-05 00:00:00,O00002027,店铺下单,U00466,是,否,男,服饰,124,1,是,0,0,1
2023-08-06 00:00:00,O00002028,直播下单,U01191,是,否,男,数码,105,1,是,0,0,1
2023-08-06 00:00:00,O00002029,直播下单,U01685,是,否,女,数码,139,1,否,0,0,0
2023-08-06 00:00:00,O00002030,店铺下单,U01125,否,否,男,食品,103,1,是,1,0,1
2023-08-06 00:00:00,O00002031,直播下单,U01998,否,否,女,数码,175,4,是,0,0,1
2023-08-06 00:00:00,O00002032,店铺下单,U00324,是,否,男,家居,143,1,否,0,1,1
2023-08-06 00:00:00,O00002033,店铺下单,U01559,否,否,男,食品,123,1,否,0,0,0
2023-08-06 00:00:00,O00002034,直播下单,U00857,否,是,男,服饰,92,2,否,0,0,1
2023-08-06 00:00:00,O00002035,店铺下单,U00774,否,是,男,数码,64,1,否,0,0,1
2023-08-06 00:00:00,O00002036,店铺下单,U01152,是,否,男,家居,58,2,是,0,1,1
2023-08-06 00:00:00,O00002037,直播下单,U00681,是,是,男,食品,96,1,是,0,0,0
2023-08-07 00:00:00,O00002038,直播下单,U00542,否,否,女,数码,86,1,是,0,0,1
2023-08-07 00:00:00,O00002039,直播下单,U01757,是,是,女,服饰,186,1,否,0,0,1
2023-08-07 00:00:00,O00002040,直播下单,U01135,否,是,女,数码,176,1,否,0,0,1
2023-08-07 00:00:00,O00002041,店铺下单,U00095,否,是,女,数码,122,2,否,0,0,1
2023-08-07 00:00:00,O00002042,直播下单,U00945,否,否,女,服饰,120,1,否,0,0,0
2023-08-07 00:00:00,O00002043,直播下单,U00720,否,否,男,数码,132,1,否,0,0,1
2023-08-07 00:00:00,O00002044,店铺下单,U00178,否,是,男,数码,176,1,否,0,0,1
2023-08-07 00:00:00,O00002045,店铺下单,U01584,是,否,女,家居,45,1,是,0,0,1
2023-08-07 00:00:00,O00002046,直播下单,U00964,否,否,女,数码,120,1,是,0,0,1
2023-08-07 00:00:00,O00002047,直播下单,U01691,否,否,女,服饰,194,1,否,0,0,1
2023-08-07 00:00:00,O00002048,店铺下单,U00042,否,否,男,家居,129,1,是,0,0,1
2023-08-07 00:00:00,O00002049,店铺下单,U01480,否,否,女,家居,91,3,否,0,1,0
2023-08-08 00:00:00,O00002050,店铺下单,U00304,否,否,女,食品,114,1,是,0,0,0
2023-08-08 00:00:00,O00002051,直播下单,U00080,否,否,女,家居,141,3,是,0,0,1
2023-08-08 00:00:00,O00002052,店铺下单,U00140,是,是,男,服饰,75,1,否,0,0,0
2023-08-08 00:00:00,O00002053,直播下单,U00692,否,否,女,家居,69,1,否,0,0,1
2023-08-08 00:00:00,O00002054,店铺下单,U01679,否,否,女,数码,142,1,是,0,0,1
2023-08-08 00:00:00,O00002055,店铺下单,U01660,否,否,女,家居,75,1,否,1,0,1
2023-08-08 00:00:00,O00002056,直播下单,U00668,否,否,女,服饰,168,2,是,0,0,0
2023-08-08 00:00:00,O00002057,直播下单,U01929,否,是,男,家居,74,1,否,0,0,0
2023-08-08 00:00:00,O00002058,店铺下单,U00788,是,否,男,服饰,60,1,是,0,0,1
2023-08-08 00:00:00,O00002059,直播下单,U00197,否,是,男,数码,116,1,是,0,0,0
2023-08-08 00:00:00,O00002060,直播下单,U00076,是,否,男,食品,40,1,否,0,0,0
2023-08-09 00:00:00,O00002061,直播下单,U01203,否,否,男,服饰,40,1,是,0,0,1
2023-08-09 00:00:00,O00002062,直播下单,U01610,否,是,女,服饰,129,2,否,0,0,1
2023-08-09 00:00:00,O00002063,直播下单,U01869,是,否,男,家居,80,1,是,0,0,1
2023-08-09 00:00:00,O00002064,直播下单,U00661,是,否,女,服饰,49,1,否,0,0,1
2023-08-09 00:00:00,O00002065,店铺下单,U00274,否,是,女,食品,146,1,否,0,0,1
2023-08-09 00:00:00,O00002066,直播下单,U00652,否,否,女,服饰,66,1,否,1,0,1
2023-08-09 00:00:00,O00002067,直播下单,U01216,否,否,女,食品,39,1,是,0,0,0
2023-08-09 00:00:00,O00002068,店铺下单,U00563,否,是,女,数码,48,2,否,0,0,1
2023-08-09 00:00:00,O00002069,直播下单,U01933,否,否,男,家居,78,2,是,0,0,1
2023-08-09 00:00:00,O00002070,直播下单,U01359,否,是,女,食品,130,1,是,0,0,1
2023-08-09 00:00:00,O00002071,直播下单,U00572,是,否,男,数码,188,3,否,0,1,1
2023-08-09 00:00:00,O00002072,直播下单,U01140,是,是,男,服饰,83,1,否,1,0,1
2023-08-10 00:00:00,O00002073,直播下单,U01015,否,是,女,食品,51,1,是,0,0,1
2023-08-10 00:00:00,O00002074,直播下单,U00642,否,否,男,食品,157,2,否,0,0,1
2023-08-10 00:00:00,O00002075,店铺下单,U01641,是,否,男,数码,44,1,否,0,0,1
2023-08-11 00:00:00,O00002076,店铺下单,U00129,否,否,女,家居,100,1,否,0,0,1
2023-08-11 00:00:00,O00002077,店铺下单,U01866,否,否,女,数码,195,1,否,0,0,0
2023-08-11 00:00:00,O00002078,直播下单,U00187,否,否,男,数码,43,1,是,0,0,1
2023-08-11 00:00:00,O00002079,店铺下单,U00540,否,否,男,食品,199,1,否,0,0,1
2023-08-11 00:00:00,O00002080,店铺下单,U00106,否,否,男,数码,64,1,否,0,0,0
2023-08-11 00:00:00,O00002081,店铺下单,U00001,否,否,男,家居,175,2,是,0,0,1
2023-08-11 00:00:00,O00002082,店铺下单,U00548,是,否,女,家居,175,2,否,0,1,1
2023-08-11 00:00:00,O00002083,直播下单,U00254,否,否,女,服饰,90,1,否,0,0,1
2023-08-11 00:00:00,O00002084,直播下单,U01875,否,否,男,家居,177,1,否,0,0,0
2023-08-11 00:00:00,O00002085,店铺下单,U01443,否,否,女,服饰,48,1,否,0,0,0
2023-08-11 00:00:00,O00002086,直播下单,U00090,是,是,女,服饰,41,2,是,0,0,0
2023-08-11 00:00:00,O00002087,直播下单,U00798,是,是,男,服饰,92,1,是,0,0,1
2023-08-11 00:00:00,O00002088,直播下单,U01525,否,是,女,数码,178,1,否,0,0,0
2023-08-11 00:00:00,O00002089,店铺下单,U00055,否,否,女,数码,143,1,否,0,0,1
2023-08-12 00:00:00,O00002090,直播下单,U00269,否,否,女,服饰,187,1,是,0,0,0
2023-08-12 00:00:00,O00002091,店铺下单,U00578,是,否,男,数码,96,1,是,0,0,1
2023-08-12 00:00:00,O00002092,店铺下单,U00026,否,否,女,食品,89,1,否,0,0,1
2023-08-12 00:00:00,O00002093,直播下单,U01418,否,否,男,家居,136,2,否,0,0,1
2023-08-12 00:00:00,O00002094,直播下单,U01109,否,否,女,服饰,156,1,是,0,0,1
2023-08-12 00:00:00,O00002095,直播下单,U00506,否,否,男,数码,124,1,否,0,0,1
2023-08-13 00:00:00,O00002096,店铺下单,U01332,是,否,女,食品,63,1,否,0,0,0
2023-08-13 00:00:00,O00002097,店铺下单,U01000,否,否,女,家居,45,1,否,0,0,1
2023-08-13 00:00:00,O00002098,直播下单,U01807,否,否,女,数码,168,1,否,0,0,1
2023-08-13 00:00:00,O00002099,直播下单,U01012,是,否,女,家居,198,1,否,0,0,1
2023-08-13 00:00:00,O00002100,店铺下单,U00233,是,否,女,数码,197,1,否,0,0,1
2023-08-13 00:00:00,O00002101,店铺下单,U01368,是,否,男,家居,145,1,否,0,0,1
2023-08-13 00:00:00,O00002102,店铺下单,U01174,是,是,女,家居,176,1,是,0,0,1
2023-08-13 00:00:00,O00002103,店铺下单,U01789,否,是,男,数码,102,1,否,0,0,0
2023-08-14 00:00:00,O00002104,直播下单,U00397,是,否,女,食品,167,1,否,0,0,1
2023-08-14 00:00:00,O00002105,直播下单,U00804,否,是,女,数码,198,1,是,0,0,1
2023-08-14 00:00:00,O00002106,直播下单,U00369,是,否,女,服饰,132,1,否,0,0,1
2023-08-14 00:00:00,O00002107,店铺下单,U00923,是,否,男,服饰,146,1,否,0,0,0
2023-08-14 00:00:00,O00002108,店铺下单,U00480,否,否,女,家居,196,1,是,0,0,1
2023-08-14 00:00:00,O00002109,店铺下单,U01255,是,否,男,服饰,162,2,否,0,0,0
2023-08-14 00:00:00,O00002110,店铺下单,U00689,否,否,女,家居,84,1,否,0,0,1
2023-08-15 00:00:00,O00002111,直播下单,U01457,否,否,女,家居,87,1,否,0,0,0
2023-08-15 00:00:00,O00002112,店铺下单,U01831,否,是,男,食品,96,1,否,0,0,0
2023-08-15 00:00:00,O00002113,店铺下单,U01622,是,否,男,家居,105,4,否,0,0,0
2023-08-15 00:00:00,O00002114,直播下单,U00605,是,是,男,数码,191,1,否,0,0,0
2023-08-16 00:00:00,O00002115,店铺下单,U00283,是,是,男,家居,168,1,否,0,0,1
2023-08-16 00:00:00,O00002116,直播下单,U01236,是,否,女,数码,115,2,否,0,0,1
2023-08-16 00:00:00,O00002117,直播下单,U01902,否,否,女,食品,94,2,否,0,0,0
2023-08-16 00:00:00,O00002118,直播下单,U00252,否,否,女,家居,155,1,否,0,0,0
2023-08-16 00:00:00,O00002119,店铺下单,U01510,否,是,女,食品,159,1,否,0,0,1
2023-08-16 00:00:00,O00002120,直播下单,U00175,是,是,男,服饰,199,1,是,0,0,1
2023-08-16 00:00:00,O00002121,店铺下单,U00528,是,否,男,服饰,41,1,是,0,0,1
2023-08-16 00:00:00,O00002122,店铺下单,U01974,是,否,男,数码,96,1,否,0,0,1
2023-08-16 00:00:00,O00002123,店铺下单,U00751,否,否,女,食品,90,1,否,0,0,1
2023-08-16 00:00:00,O00002124,直播下单,U00367,否,否,女,家居,78,1,否,0,1,0
2023-08-17 00:00:00,O00002125,直播下单,U00808,否,否,男,家居,84,3,是,0,0,0
2023-08-17 00:00:00,O00002126,直播下单,U00374,否,否,男,数码,81,1,否,0,0,1
2023-08-17 00:00:00,O00002127,店铺下单,U01895,否,否,男,数码,179,1,是,0,0,1
2023-08-17 00:00:00,O00002128,直播下单,U01822,是,否,女,数码,140,1,否,0,0,1
2023-08-17 00:00:00,O00002129,直播下单,U01575,否,是,男,数码,85,1,否,0,1,0
2023-08-17 00:00:00,O00002130,直播下单,U01670,否,否,女,数码,182,2,否,0,1,1
2023-08-17 00:00:00,O00002131,直播下单,U01065,否,是,男,数码,103,1,否,0,0,0
2023-08-17 00:00:00,O00002132,直播下单,U01389,否,否,女,食品,41,1,是,0,0,1
2023-08-18 00:00:00,O00002133,直播下单,U00811,否,否,男,食品,76,1,是,0,0,1
2023-08-18 00:00:00,O00002134,直播下单,U00767,否,否,男,数码,198,1,是,0,0,1
2023-08-18 00:00:00,O00002135,直播下单,U00826,否,否,女,家居,47,1,否,0,0,0
2023-08-18 00:00:00,O00002136,店铺下单,U00580,否,否,女,家居,54,2,是,0,0,1
2023-08-18 00:00:00,O00002137,直播下单,U00224,是,否,女,家居,120,1,否,0,0,0
2023-08-18 00:00:00,O00002138,直播下单,U00647,否,否,女,服饰,170,1,否,0,0,1
2023-08-18 00:00:00,O00002139,直播下单,U00834,是,否,男,服饰,118,1,是,0,0,1
2023-08-18 00:00:00,O00002140,直播下单,U00306,是,是,男,食品,70,2,是,0,0,0
2023-08-18 00:00:00,O00002141,直播下单,U00399,是,否,女,数码,87,1,否,0,0,1
2023-08-18 00:00:00,O00002142,直播下单,U01052,是,是,女,家居,198,1,是,0,0,1
2023-08-18 00:00:00,O00002143,直播下单,U01541,否,否,女,数码,151,1,否,0,1,1
2023-08-19 00:00:00,O00002144,店铺下单,U00081,否,否,男,家居,196,1,否,0,0,1
2023-08-19 00:00:00,O00002145,店铺下单,U01972,否,否,女,数码,47,1,否,0,0,1
2023-08-19 00:00:00,O00002146,直播下单,U01711,否,否,男,家居,61,1,否,0,0,1
2023-08-19 00:00:00,O00002147,直播下单,U00107,否,否,女,食品,179,4,否,0,0,1
2023-08-20 00:00:00,O00002148,直播下单,U01801,否,是,女,食品,80,1,是,0,0,1
2023-08-20 00:00:00,O00002149,店铺下单,U00613,是,否,女,服饰,189,1,否,0,0,0
2023-08-20 00:00:00,O00002150,直播下单,U00292,否,否,女,服饰,130,1,否,0,0,0
2023-08-20 00:00:00,O00002151,店铺下单,U01733,否,否,女,服饰,49,1,是,0,0,0
2023-08-21 00:00:00,O00002152,店铺下单,U00456,否,否,女,数码,65,1,否,0,0,1
2023-08-21 00:00:00,O00002153,店铺下单,U01728,否,否,男,数码,160,1,是,0,0,1
2023-08-21 00:00:00,O00002154,店铺下单,U00340,否,是,女,家居,70,3,否,0,0,1
2023-08-21 00:00:00,O00002155,店铺下单,U00755,是,是,女,数码,135,1,否,0,0,1
2023-08-21 00:00:00,O00002156,直播下单,U01241,否,否,女,数码,69,1,是,0,0,1
2023-08-21 00:00:00,O00002157,店铺下单,U00118,否,是,女,服饰,108,1,否,0,0,1
2023-08-21 00:00:00,O00002158,直播下单,U00526,否,是,男,食品,176,1,否,0,0,1
2023-08-21 00:00:00,O00002159,直播下单,U00358,是,否,男,家居,173,1,否,0,0,1
2023-08-21 00:00:00,O00002160,直播下单,U01075,是,是,女,数码,154,2,是,0,0,1
2023-08-21 00:00:00,O00002161,店铺下单,U01656,否,否,女,服饰,117,1,否,0,0,1
2023-08-21 00:00:00,O00002162,直播下单,U00486,是,否,男,数码,194,1,否,0,0,0
2023-08-21 00:00:00,O00002163,店铺下单,U01365,是,否,女,家居,150,1,是,0,0,1
2023-08-22 00:00:00,O00002164,直播下单,U00993,否,是,女,食品,146,1,否,0,0,1
2023-08-22 00:00:00,O00002165,店铺下单,U00829,否,是,女,食品,118,1,是,0,1,1
2023-08-22 00:00:00,O00002166,直播下单,U01372,是,否,男,家居,92,1,是,0,0,0
2023-08-22 00:00:00,O00002167,直播下单,U01798,是,是,女,家居,182,1,是,0,0,1
2023-08-22 00:00:00,O00002168,店铺下单,U01129,否,否,女,数码,83,4,是,0,0,1
2023-08-23 00:00:00,O00002169,店铺下单,U00129,否,否,女,家居,128,1,是,0,0,1
2023-08-23 00:00:00,O00002170,店铺下单,U01814,否,否,女,家居,39,2,是,0,0,0
2023-08-23 00:00:00,O00002171,直播下单,U01936,是,否,男,家居,43,1,否,0,0,1
2023-08-23 00:00:00,O00002172,店铺下单,U00352,是,否,女,服饰,87,1,是,0,0,1
2023-08-23 00:00:00,O00002173,店铺下单,U00954,否,是,女,家居,170,1,是,0,0,1
2023-08-23 00:00:00,O00002174,店铺下单,U00036,否,否,女,服饰,63,1,是,0,0,1
2023-08-23 00:00:00,O00002175,直播下单,U00989,否,否,男,服饰,100,1,是,0,0,1
2023-08-23 00:00:00,O00002176,店铺下单,U01140,否,否,男,数码,76,1,否,0,0,1
2023-08-23 00:00:00,O00002177,直播下单,U01331,是,否,女,家居,111,1,否,0,0,1
2023-08-24 00:00:00,O00002178,店铺下单,U00496,是,否,男,数码,50,1,否,0,0,1
2023-08-24 00:00:00,O00002179,直播下单,U00472,否,否,女,服饰,182,1,是,0,0,1
2023-08-24 00:00:00,O00002180,店铺下单,U00322,是,否,女,家居,168,1,否,0,0,1
2023-08-24 00:00:00,O00002181,直播下单,U01362,是,是,男,服饰,102,1,是,0,0,1
2023-08-24 00:00:00,O00002182,店铺下单,U00460,是,否,女,服饰,111,1,否,0,0,1
2023-08-24 00:00:00,O00002183,店铺下单,U01879,否,否,女,数码,121,1,否,0,0,0
2023-08-24 00:00:00,O00002184,店铺下单,U00995,是,否,男,服饰,39,1,否,0,0,1
2023-08-24 00:00:00,O00002185,店铺下单,U01562,否,否,男,数码,49,1,否,0,0,1
2023-08-24 00:00:00,O00002186,直播下单,U00966,否,是,女,服饰,149,1,是,0,0,1
2023-08-24 00:00:00,O00002187,店铺下单,U00689,否,否,男,数码,184,1,否,0,0,0
2023-08-25 00:00:00,O00002188,店铺下单,U01114,否,否,女,食品,67,1,否,0,0,1
2023-08-25 00:00:00,O00002189,直播下单,U01166,是,否,男,家居,123,1,是,0,0,1
2023-08-25 00:00:00,O00002190,直播下单,U01833,是,否,女,数码,152,1,否,0,0,1
2023-08-25 00:00:00,O00002191,直播下单,U01032,否,否,男,服饰,158,1,是,0,0,1
2023-08-25 00:00:00,O00002192,直播下单,U00990,否,否,男,服饰,97,1,否,0,0,1
2023-08-25 00:00:00,O00002193,店铺下单,U01206,否,是,女,服饰,138,1,否,0,0,0
2023-08-25 00:00:00,O00002194,店铺下单,U00329,否,否,女,数码,167,2,是,0,0,0
2023-08-25 00:00:00,O00002195,直播下单,U01878,是,否,女,数码,159,1,否,0,0,1
2023-08-25 00:00:00,O00002196,店铺下单,U00962,否,是,女,服饰,107,3,否,0,0,1
2023-08-26 00:00:00,O00002197,直播下单,U01429,否,否,女,家居,54,1,是,0,0,0
2023-08-26 00:00:00,O00002198,店铺下单,U00102,否,否,男,服饰,71,4,否,0,1,0
2023-08-26 00:00:00,O00002199,店铺下单,U00773,否,否,女,数码,104,1,是,0,0,1
2023-08-26 00:00:00,O00002200,直播下单,U01798,是,是,女,数码,54,1,是,0,0,1
2023-08-26 00:00:00,O00002201,店铺下单,U00079,是,否,女,服饰,130,1,否,0,0,0
2023-08-26 00:00:00,O00002202,店铺下单,U00009,是,否,女,食品,69,1,是,1,0,1
2023-08-26 00:00:00,O00002203,店铺下单,U00461,否,否,男,数码,40,1,否,0,0,1
2023-08-26 00:00:00,O00002204,直播下单,U01422,否,否,女,服饰,89,2,否,0,0,1
2023-08-26 00:00:00,O00002205,直播下单,U01870,否,是,男,服饰,85,1,是,0,0,1
2023-08-27 00:00:00,O00002206,直播下单,U00580,否,是,男,家居,175,1,否,0,0,1
2023-08-27 00:00:00,O00002207,直播下单,U00174,否,否,男,服饰,56,1,是,0,0,1
2023-08-27 00:00:00,O00002208,店铺下单,U00155,否,否,男,数码,167,1,是,0,0,1
2023-08-27 00:00:00,O00002209,直播下单,U01323,是,否,女,数码,100,1,是,0,0,1
2023-08-27 00:00:00,O00002210,店铺下单,U01631,是,否,男,家居,52,3,否,0,0,1
2023-08-28 00:00:00,O00002211,直播下单,U00383,是,否,男,家居,179,1,否,0,0,0
2023-08-28 00:00:00,O00002212,店铺下单,U01659,否,是,女,服饰,55,1,否,0,1,1
2023-08-28 00:00:00,O00002213,店铺下单,U01151,否,是,男,食品,59,1,否,0,0,0
2023-08-28 00:00:00,O00002214,店铺下单,U01348,是,否,女,服饰,75,1,否,0,0,1
2023-08-28 00:00:00,O00002215,店铺下单,U01509,是,否,女,服饰,183,3,是,0,0,1
2023-08-28 00:00:00,O00002216,直播下单,U01678,是,否,女,食品,61,1,否,0,0,1
2023-08-28 00:00:00,O00002217,店铺下单,U00593,否,否,女,家居,49,1,是,0,1,0
2023-08-28 00:00:00,O00002218,直播下单,U01111,否,否,女,食品,113,2,是,0,0,1
2023-08-28 00:00:00,O00002219,店铺下单,U01344,否,是,女,服饰,141,1,否,0,0,1
2023-08-28 00:00:00,O00002220,直播下单,U00510,否,是,女,服饰,131,3,是,0,0,1
2023-08-29 00:00:00,O00002221,店铺下单,U01844,是,否,男,数码,80,1,是,0,0,1
2023-08-29 00:00:00,O00002222,直播下单,U00111,否,否,女,数码,177,1,否,0,0,1
2023-08-29 00:00:00,O00002223,直播下单,U00509,否,否,女,数码,181,1,是,0,0,0
2023-08-29 00:00:00,O00002224,直播下单,U00063,是,否,女,食品,81,1,是,0,0,1
2023-08-29 00:00:00,O00002225,直播下单,U01530,是,否,男,家居,177,2,否,0,1,1
2023-08-29 00:00:00,O00002226,店铺下单,U01370,是,否,女,服饰,67,3,否,0,0,0
2023-08-29 00:00:00,O00002227,直播下单,U01111,否,否,女,数码,104,4,否,0,0,1
2023-08-29 00:00:00,O00002228,店铺下单,U00173,是,否,男,数码,81,1,是,0,0,1
2023-08-29 00:00:00,O00002229,店铺下单,U01191,否,否,男,数码,165,1,否,0,0,1
2023-08-29 00:00:00,O00002230,店铺下单,U01531,否,否,女,数码,186,1,否,0,0,1
2023-08-29 00:00:00,O00002231,直播下单,U00958,否,是,男,数码,130,1,否,0,0,0
2023-08-29 00:00:00,O00002232,店铺下单,U00670,是,否,女,数码,160,4,否,0,0,1
2023-08-30 00:00:00,O00002233,直播下单,U00454,否,否,女,服饰,167,1,是,0,0,1
2023-08-30 00:00:00,O00002234,店铺下单,U01921,否,否,女,数码,190,1,是,0,0,1
2023-08-30 00:00:00,O00002235,直播下单,U01179,是,是,女,家居,189,1,是,0,0,1
2023-08-30 00:00:00,O00002236,店铺下单,U01313,否,否,女,家居,193,1,是,0,0,1
2023-08-30 00:00:00,O00002237,店铺下单,U00586,否,否,男,家居,149,1,否,0,0,1
2023-08-30 00:00:00,O00002238,店铺下单,U01744,是,否,女,数码,184,1,否,0,0,1
2023-08-30 00:00:00,O00002239,直播下单,U01030,否,是,女,食品,47,1,否,0,0,1
2023-08-30 00:00:00,O00002240,店铺下单,U00575,否,是,女,服饰,195,1,否,0,0,1
2023-08-30 00:00:00,O00002241,直播下单,U01593,否,否,女,食品,124,1,否,0,0,1
2023-08-30 00:00:00,O00002242,店铺下单,U00366,是,否,女,家居,152,1,是,0,0,1
2023-08-30 00:00:00,O00002243,直播下单,U00452,是,否,女,服饰,80,1,是,0,0,1
2023-08-30 00:00:00,O00002244,直播下单,U00179,否,否,女,数码,107,2,否,0,0,1
2023-08-31 00:00:00,O00002245,直播下单,U01653,否,否,女,家居,80,1,是,0,0,1
2023-08-31 00:00:00,O00002246,直播下单,U00125,否,否,男,服饰,72,1,是,0,0,1
2023-08-31 00:00:00,O00002247,店铺下单,U01925,否,是,男,数码,149,1,否,0,0,1
2023-08-31 00:00:00,O00002248,店铺下单,U01990,否,否,男,家居,113,2,否,0,0,1
2023-08-31 00:00:00,O00002249,直播下单,U01960,是,否,男,家居,51,1,否,0,0,1
2023-08-31 00:00:00,O00002250,店铺下单,U01098,否,否,男,家居,131,1,是,0,0,1
2023-08-31 00:00:00,O00002251,直播下单,U01686,否,否,女,数码,78,1,否,0,0,1
2023-08-31 00:00:00,O00002252,店铺下单,U00757,否,否,女,服饰,97,1,是,0,0,1
2023-08-31 00:00:00,O00002253,直播下单,U00066,否,否,女,服饰,149,1,否,0,1,1
2023-08-31 00:00:00,O00002254,直播下单,U01294,否,否,男,家居,129,1,否,0,0,1
2023-09-01 00:00:00,O00002255,店铺下单,U01717,否,否,女,数码,172,1,否,0,1,1
2023-09-01 00:00:00,O00002256,直播下单,U01929,是,否,男,数码,157,1,是,0,0,1
2023-09-01 00:00:00,O00002257,直播下单,U00617,否,否,男,家居,59,2,否,0,0,1
2023-09-01 00:00:00,O00002258,直播下单,U00486,是,是,男,家居,158,1,否,0,0,0
2023-09-01 00:00:00,O00002259,直播下单,U00564,否,否,男,家居,178,1,是,0,0,1
2023-09-01 00:00:00,O00002260,直播下单,U01797,否,否,女,数码,57,1,否,0,0,0
2023-09-01 00:00:00,O00002261,直播下单,U00821,是,否,女,家居,164,3,否,0,0,1
2023-09-01 00:00:00,O00002262,店铺下单,U00959,是,否,女,家居,185,1,否,0,0,1
2023-09-01 00:00:00,O00002263,店铺下单,U01686,否,否,女,数码,187,4,是,0,0,0
2023-09-01 00:00:00,O00002264,店铺下单,U01106,是,否,女,服饰,197,1,否,0,0,1
2023-09-01 00:00:00,O00002265,店铺下单,U00553,是,是,女,数码,195,1,否,0,0,0
2023-09-01 00:00:00,O00002266,店铺下单,U00639,是,否,女,服饰,145,1,是,0,0,0
2023-09-01 00:00:00,O00002267,店铺下单,U01988,是,否,女,家居,183,1,否,0,0,1
2023-09-02 00:00:00,O00002268,直播下单,U01355,否,是,女,数码,86,1,否,0,0,0
2023-09-02 00:00:00,O00002269,直播下单,U01817,是,否,女,家居,187,1,是,0,0,1
2023-09-02 00:00:00,O00002270,店铺下单,U01006,否,是,女,服饰,101,1,是,0,0,1
2023-09-02 00:00:00,O00002271,直播下单,U00322,否,否,女,数码,149,1,是,0,1,1
2023-09-02 00:00:00,O00002272,直播下单,U00288,否,否,女,服饰,132,2,是,0,1,1
2023-09-02 00:00:00,O00002273,直播下单,U00188,否,否,男,数码,41,1,否,0,0,1
2023-09-02 00:00:00,O00002274,店铺下单,U01676,是,否,女,家居,106,2,是,0,0,1
2023-09-02 00:00:00,O00002275,店铺下单,U01236,否,否,男,数码,42,1,是,0,0,1
2023-09-03 00:00:00,O00002276,直播下单,U01358,否,否,男,服饰,150,1,否,0,0,1
2023-09-03 00:00:00,O00002277,店铺下单,U00951,是,否,女,服饰,184,1,是,0,0,1
2023-09-03 00:00:00,O00002278,直播下单,U01272,否,否,女,数码,96,1,否,0,0,1
2023-09-03 00:00:00,O00002279,店铺下单,U01038,否,是,男,服饰,46,1,是,0,0,0
2023-09-03 00:00:00,O00002280,直播下单,U00708,是,否,男,服饰,142,1,否,0,0,1
2023-09-03 00:00:00,O00002281,店铺下单,U00470,否,否,女,家居,173,2,是,0,0,0
2023-09-03 00:00:00,O00002282,直播下单,U00012,否,否,女,服饰,71,1,否,1,0,1
2023-09-03 00:00:00,O00002283,直播下单,U00038,是,是,男,服饰,197,1,是,1,1,1
2023-09-03 00:00:00,O00002284,店铺下单,U01532,是,否,女,数码,168,2,否,0,0,1
2023-09-03 00:00:00,O00002285,店铺下单,U00696,否,否,女,食品,43,1,是,0,0,1
2023-09-04 00:00:00,O00002286,直播下单,U01196,是,否,男,服饰,157,1,否,0,0,1
2023-09-04 00:00:00,O00002287,直播下单,U00963,是,否,男,数码,123,1,否,0,0,1
2023-09-04 00:00:00,O00002288,直播下单,U01391,否,否,女,家居,83,1,是,0,1,0
2023-09-04 00:00:00,O00002289,直播下单,U01837,否,否,男,数码,184,1,否,0,0,1
2023-09-04 00:00:00,O00002290,直播下单,U00626,否,否,女,数码,136,1,否,0,0,1
2023-09-04 00:00:00,O00002291,店铺下单,U01280,否,否,男,服饰,158,1,是,0,0,1
2023-09-04 00:00:00,O00002292,直播下单,U01258,否,否,男,数码,179,1,是,0,0,1
2023-09-04 00:00:00,O00002293,直播下单,U01841,否,是,男,食品,40,1,是,0,1,1
2023-09-05 00:00:00,O00002294,直播下单,U00790,否,否,女,服饰,90,1,是,0,0,1
2023-09-05 00:00:00,O00002295,店铺下单,U00569,否,否,男,服饰,142,1,是,0,0,1
2023-09-05 00:00:00,O00002296,店铺下单,U01121,否,是,女,服饰,74,1,是,0,0,1
2023-09-05 00:00:00,O00002297,店铺下单,U01868,否,否,男,食品,92,1,否,0,0,1
2023-09-05 00:00:00,O00002298,直播下单,U01716,是,否,女,食品,47,2,是,0,0,1
2023-09-05 00:00:00,O00002299,店铺下单,U01795,否,否,男,家居,88,1,是,0,0,0
2023-09-05 00:00:00,O00002300,店铺下单,U01713,是,否,男,食品,155,1,否,0,0,1
2023-09-05 00:00:00,O00002301,店铺下单,U00529,否,否,男,服饰,122,1,是,0,0,1
2023-09-05 00:00:00,O00002302,直播下单,U00064,否,否,男,数码,158,1,否,0,0,1
2023-09-05 00:00:00,O00002303,直播下单,U01590,是,是,男,食品,117,1,否,0,0,1
2023-09-05 00:00:00,O00002304,店铺下单,U00312,否,否,男,服饰,194,1,否,1,0,1
2023-09-05 00:00:00,O00002305,店铺下单,U01843,否,是,女,服饰,46,1,否,0,1,1
2023-09-06 00:00:00,O00002306,店铺下单,U01756,是,否,女,数码,49,1,否,0,0,0
2023-09-06 00:00:00,O00002307,直播下单,U01985,否,否,男,服饰,136,2,否,0,0,1
2023-09-06 00:00:00,O00002308,店铺下单,U00620,否,否,女,家居,177,1,是,0,0,0
2023-09-06 00:00:00,O00002309,店铺下单,U01347,否,否,女,食品,66,2,否,0,0,0
2023-09-06 00:00:00,O00002310,直播下单,U01838,是,否,女,数码,83,1,否,0,0,1
2023-09-06 00:00:00,O00002311,店铺下单,U00521,否,否,男,数码,146,1,否,0,0,1
2023-09-06 00:00:00,O00002312,店铺下单,U01858,是,否,男,数码,113,1,否,0,0,1
2023-09-06 00:00:00,O00002313,店铺下单,U01069,是,否,女,食品,96,1,否,0,0,1
2023-09-06 00:00:00,O00002314,直播下单,U01217,否,否,男,家居,40,1,否,1,0,1
2023-09-06 00:00:00,O00002315,店铺下单,U01542,是,否,男,数码,112,1,否,0,0,1
2023-09-07 00:00:00,O00002316,直播下单,U01542,是,否,女,食品,96,1,否,0,0,0
2023-09-07 00:00:00,O00002317,直播下单,U01252,是,否,男,服饰,115,1,否,0,0,1
2023-09-07 00:00:00,O00002318,店铺下单,U01960,否,否,男,家居,149,1,否,0,0,1
2023-09-07 00:00:00,O00002319,直播下单,U01108,否,否,女,家居,88,1,否,0,0,1
2023-09-07 00:00:00,O00002320,店铺下单,U00354,否,否,女,服饰,176,1,是,0,0,1
2023-09-07 00:00:00,O00002321,直播下单,U01717,是,否,男,数码,179,1,否,0,0,0
2023-09-07 00:00:00,O00002322,店铺下单,U01764,是,是,男,食品,44,1,否,0,0,1
2023-09-07 00:00:00,O00002323,直播下单,U01703,否,否,女,家居,195,1,否,0,0,1
2023-09-08 00:00:00,O00002324,直播下单,U01167,否,否,女,数码,66,1,否,0,0,0
2023-09-08 00:00:00,O00002325,直播下单,U00807,是,否,女,家居,146,1,否,0,0,1
2023-09-08 00:00:00,O00002326,直播下单,U00940,是,否,男,服饰,82,1,是,0,0,1
2023-09-08 00:00:00,O00002327,店铺下单,U01927,否,否,男,服饰,118,1,否,0,0,1
2023-09-08 00:00:00,O00002328,店铺下单,U00698,否,否,男,服饰,69,1,是,0,0,0
2023-09-08 00:00:00,O00002329,直播下单,U01989,是,是,女,家居,66,1,是,0,0,1
2023-09-08 00:00:00,O00002330,店铺下单,U00769,是,否,女,食品,139,2,是,0,0,1
2023-09-08 00:00:00,O00002331,店铺下单,U00765,否,否,女,家居,131,4,否,0,0,1
2023-09-08 00:00:00,O00002332,直播下单,U01203,否,是,女,家居,195,1,是,1,0,1
2023-09-08 00:00:00,O00002333,店铺下单,U00067,否,否,女,服饰,136,1,是,0,0,0
2023-09-08 00:00:00,O00002334,直播下单,U01625,是,否,女,数码,52,1,否,0,0,1
2023-09-08 00:00:00,O00002335,店铺下单,U01625,否,否,男,家居,39,2,否,0,0,1
2023-09-08 00:00:00,O00002336,店铺下单,U00231,否,是,男,数码,170,1,否,0,0,1
2023-09-08 00:00:00,O00002337,直播下单,U00539,否,否,女,服饰,93,2,否,0,0,1
2023-09-09 00:00:00,O00002338,直播下单,U01295,否,否,男,服饰,72,1,是,0,0,1
2023-09-09 00:00:00,O00002339,店铺下单,U00791,否,否,男,家居,46,1,否,1,0,1
2023-09-09 00:00:00,O00002340,直播下单,U01664,是,否,男,数码,178,1,否,0,0,1
2023-09-09 00:00:00,O00002341,店铺下单,U01216,否,否,男,数码,128,1,否,0,0,1
2023-09-09 00:00:00,O00002342,直播下单,U00266,是,否,男,数码,90,1,是,0,0,1
2023-09-09 00:00:00,O00002343,店铺下单,U00902,是,否,女,食品,123,1,是,0,0,0
2023-09-09 00:00:00,O00002344,店铺下单,U01672,是,否,男,家居,95,1,是,0,0,1
2023-09-09 00:00:00,O00002345,直播下单,U00512,否,是,男,服饰,106,1,否,1,0,1
2023-09-10 00:00:00,O00002346,直播下单,U01376,否,否,女,数码,183,1,是,0,0,1
2023-09-10 00:00:00,O00002347,店铺下单,U01231,是,否,女,食品,72,1,是,0,0,1
2023-09-10 00:00:00,O00002348,店铺下单,U01588,否,否,女,服饰,199,1,否,0,0,1
2023-09-10 00:00:00,O00002349,店铺下单,U00306,否,否,女,服饰,51,1,是,0,0,1
2023-09-10 00:00:00,O00002350,店铺下单,U01651,否,否,女,服饰,110,1,否,0,0,1
2023-09-10 00:00:00,O00002351,直播下单,U00407,是,否,男,数码,86,2,否,0,0,1
2023-09-11 00:00:00,O00002352,店铺下单,U01890,是,否,女,食品,131,2,否,0,0,1
2023-09-11 00:00:00,O00002353,店铺下单,U01476,否,否,女,服饰,131,1,否,0,0,1
2023-09-11 00:00:00,O00002354,直播下单,U01007,否,否,女,服饰,58,1,否,0,0,1
2023-09-11 00:00:00,O00002355,直播下单,U00779,是,是,女,服饰,128,1,否,0,0,1
2023-09-11 00:00:00,O00002356,店铺下单,U00199,否,否,女,数码,79,2,否,0,0,1
2023-09-11 00:00:00,O00002357,直播下单,U00213,是,是,女,服饰,47,3,否,0,0,0
2023-09-11 00:00:00,O00002358,店铺下单,U00930,否,否,女,家居,179,2,否,0,1,1
2023-09-11 00:00:00,O00002359,店铺下单,U00937,否,否,女,服饰,82,2,否,0,0,1
2023-09-11 00:00:00,O00002360,店铺下单,U00161,是,否,女,服饰,146,1,是,0,0,0
2023-09-11 00:00:00,O00002361,直播下单,U01783,否,否,男,数码,160,1,否,0,0,0
2023-09-11 00:00:00,O00002362,店铺下单,U00992,否,否,男,数码,161,4,否,0,0,1
2023-09-12 00:00:00,O00002363,直播下单,U01607,是,否,女,服饰,102,1,否,0,0,1
2023-09-12 00:00:00,O00002364,店铺下单,U00297,是,是,男,服饰,123,1,否,0,0,1
2023-09-12 00:00:00,O00002365,店铺下单,U00618,否,否,男,服饰,130,1,是,0,0,1
2023-09-12 00:00:00,O00002366,直播下单,U00927,是,否,女,家居,83,1,否,0,1,0
2023-09-12 00:00:00,O00002367,直播下单,U01538,否,否,男,服饰,197,1,否,0,0,0
2023-09-12 00:00:00,O00002368,直播下单,U00445,否,否,女,数码,57,1,否,0,0,0
2023-09-12 00:00:00,O00002369,店铺下单,U00733,否,否,女,家居,119,1,否,0,0,0
2023-09-12 00:00:00,O00002370,店铺下单,U00938,是,否,女,服饰,181,1,是,0,1,1
2023-09-12 00:00:00,O00002371,店铺下单,U01440,否,否,女,服饰,151,1,否,0,0,0
2023-09-12 00:00:00,O00002372,直播下单,U01370,是,是,男,家居,149,1,否,0,0,0
2023-09-12 00:00:00,O00002373,店铺下单,U01781,否,是,女,数码,179,1,否,0,0,0
2023-09-12 00:00:00,O00002374,直播下单,U00498,否,否,女,服饰,52,2,是,0,1,1
2023-09-13 00:00:00,O00002375,直播下单,U00408,否,是,女,食品,132,3,否,0,0,0
2023-09-13 00:00:00,O00002376,店铺下单,U00049,否,否,男,服饰,127,2,是,0,0,1
2023-09-13 00:00:00,O00002377,直播下单,U01907,是,否,男,数码,179,1,是,0,0,1
2023-09-13 00:00:00,O00002378,店铺下单,U01399,是,否,女,数码,169,1,否,0,0,1
2023-09-13 00:00:00,O00002379,直播下单,U01119,否,否,女,家居,116,1,否,0,0,1
2023-09-13 00:00:00,O00002380,直播下单,U01428,是,是,男,家居,113,1,否,0,0,1
2023-09-13 00:00:00,O00002381,店铺下单,U00934,否,否,女,食品,98,1,是,0,0,1
2023-09-13 00:00:00,O00002382,店铺下单,U01739,否,否,男,服饰,110,1,是,0,0,1
2023-09-13 00:00:00,O00002383,店铺下单,U00886,是,否,男,数码,108,2,是,0,0,1
2023-09-13 00:00:00,O00002384,直播下单,U01013,否,否,女,家居,198,1,否,1,0,0
2023-09-13 00:00:00,O00002385,店铺下单,U00429,否,否,女,服饰,106,1,是,0,0,1
2023-09-13 00:00:00,O00002386,直播下单,U01901,否,否,女,家居,170,1,否,0,0,1
2023-09-14 00:00:00,O00002387,店铺下单,U01752,否,否,男,家居,109,1,否,0,0,1
2023-09-14 00:00:00,O00002388,直播下单,U01935,是,是,女,服饰,44,1,是,0,0,1
2023-09-14 00:00:00,O00002389,直播下单,U01188,否,是,男,服饰,43,1,否,0,0,0
2023-09-14 00:00:00,O00002390,直播下单,U00036,是,是,女,食品,153,1,否,0,0,1
2023-09-14 00:00:00,O00002391,店铺下单,U01669,否,否,女,数码,196,1,否,0,0,1
2023-09-14 00:00:00,O00002392,直播下单,U00007,否,否,男,服饰,85,1,是,0,0,1
2023-09-14 00:00:00,O00002393,店铺下单,U01771,是,是,女,食品,94,1,否,0,0,1
2023-09-14 00:00:00,O00002394,店铺下单,U01017,否,是,男,家居,109,1,否,0,0,1
2023-09-14 00:00:00,O00002395,店铺下单,U00859,否,否,女,食品,192,1,否,0,1,1
2023-09-14 00:00:00,O00002396,直播下单,U01759,是,否,女,家居,92,1,否,0,0,1
2023-09-15 00:00:00,O00002397,店铺下单,U01817,是,是,女,服饰,195,1,是,0,0,1
2023-09-15 00:00:00,O00002398,店铺下单,U00263,是,否,女,数码,120,1,是,0,0,1
2023-09-15 00:00:00,O00002399,直播下单,U00131,否,否,女,服饰,134,1,否,0,0,1
2023-09-15 00:00:00,O00002400,店铺下单,U00048,否,否,女,数码,169,1,是,0,0,1
2023-09-15 00:00:00,O00002401,店铺下单,U00816,否,是,男,数码,139,1,是,0,0,1
2023-09-15 00:00:00,O00002402,直播下单,U00856,否,否,女,服饰,97,1,否,0,0,1
2023-09-15 00:00:00,O00002403,直播下单,U00552,否,是,男,服饰,187,2,否,0,0,1
2023-09-15 00:00:00,O00002404,店铺下单,U01988,否,否,男,数码,173,1,是,0,0,1
2023-09-15 00:00:00,O00002405,直播下单,U01769,否,否,女,数码,76,2,是,0,0,0
2023-09-15 00:00:00,O00002406,直播下单,U00675,否,否,男,食品,67,1,否,0,0,1
2023-09-15 00:00:00,O00002407,直播下单,U01659,是,否,女,服饰,172,1,否,0,0,1
2023-09-15 00:00:00,O00002408,直播下单,U00468,否,是,男,数码,83,1,否,0,0,1
2023-09-15 00:00:00,O00002409,直播下单,U01715,否,否,男,食品,136,1,是,0,1,0
2023-09-15 00:00:00,O00002410,店铺下单,U00578,是,否,女,食品,149,1,否,0,1,1
2023-09-16 00:00:00,O00002411,店铺下单,U01591,是,否,女,服饰,57,1,是,0,0,1
2023-09-16 00:00:00,O00002412,店铺下单,U01177,否,否,女,服饰,159,1,否,0,0,1
2023-09-16 00:00:00,O00002413,直播下单,U01756,是,否,男,数码,89,2,是,0,0,1
2023-09-16 00:00:00,O00002414,店铺下单,U01020,否,否,男,数码,65,1,否,0,1,1
2023-09-16 00:00:00,O00002415,直播下单,U00344,否,否,女,数码,113,1,否,0,0,1
2023-09-16 00:00:00,O00002416,店铺下单,U00699,是,否,女,家居,91,2,是,1,0,1
2023-09-16 00:00:00,O00002417,直播下单,U01388,否,否,男,服饰,158,1,否,0,0,1
2023-09-16 00:00:00,O00002418,店铺下单,U00659,是,否,男,家居,181,2,是,0,1,1
2023-09-16 00:00:00,O00002419,直播下单,U01554,是,否,男,服饰,125,1,是,0,0,0
2023-09-16 00:00:00,O00002420,店铺下单,U00152,否,否,女,服饰,82,1,否,0,0,1
2023-09-17 00:00:00,O00002421,店铺下单,U00794,否,否,女,食品,183,1,是,0,0,1
2023-09-17 00:00:00,O00002422,直播下单,U01586,是,是,男,食品,51,1,否,0,0,0
2023-09-17 00:00:00,O00002423,直播下单,U01429,否,否,女,数码,136,1,否,0,0,1
2023-09-17 00:00:00,O00002424,直播下单,U01212,否,否,女,服饰,165,1,是,0,0,1
2023-09-17 00:00:00,O00002425,直播下单,U01316,否,是,女,服饰,186,1,是,0,0,1
2023-09-17 00:00:00,O00002426,直播下单,U00606,否,否,女,数码,165,2,是,0,0,0
2023-09-17 00:00:00,O00002427,店铺下单,U00827,是,否,女,食品,192,1,否,0,0,1
2023-09-17 00:00:00,O00002428,店铺下单,U01857,否,否,男,数码,161,1,否,0,0,1
2023-09-17 00:00:00,O00002429,直播下单,U01511,否,否,女,家居,136,1,是,0,0,0
2023-09-17 00:00:00,O00002430,店铺下单,U00882,否,是,男,服饰,94,1,否,0,0,1
2023-09-17 00:00:00,O00002431,直播下单,U01223,是,否,女,食品,124,1,是,0,0,1
2023-09-18 00:00:00,O00002432,直播下单,U01110,否,否,男,食品,114,3,否,0,0,0
2023-09-18 00:00:00,O00002433,店铺下单,U00982,否,否,女,家居,179,1,否,0,0,1
2023-09-18 00:00:00,O00002434,店铺下单,U00313,否,否,男,数码,180,1,否,0,1,1
2023-09-18 00:00:00,O00002435,店铺下单,U01675,否,是,女,数码,122,4,否,0,0,1
2023-09-18 00:00:00,O00002436,直播下单,U01636,是,否,女,数码,184,1,否,0,1,1
2023-09-18 00:00:00,O00002437,店铺下单,U01048,否,否,女,家居,66,1,是,0,0,1
2023-09-19 00:00:00,O00002438,直播下单,U00505,否,是,男,数码,179,3,是,0,0,1
2023-09-19 00:00:00,O00002439,直播下单,U00811,否,否,男,服饰,187,1,否,0,0,1
2023-09-19 00:00:00,O00002440,店铺下单,U01577,否,否,女,家居,125,2,否,0,0,0
2023-09-19 00:00:00,O00002441,店铺下单,U00953,是,否,女,数码,132,1,否,0,0,1
2023-09-19 00:00:00,O00002442,直播下单,U01599,否,否,女,服饰,45,1,否,0,0,1
2023-09-19 00:00:00,O00002443,店铺下单,U00447,否,是,男,服饰,179,1,否,0,0,1
2023-09-19 00:00:00,O00002444,直播下单,U01938,是,否,女,服饰,138,1,是,0,0,1
2023-09-19 00:00:00,O00002445,直播下单,U01300,是,否,女,服饰,64,2,否,0,0,1
2023-09-19 00:00:00,O00002446,店铺下单,U01217,是,否,男,家居,128,2,否,0,0,1
2023-09-20 00:00:00,O00002447,店铺下单,U01617,是,否,女,数码,154,3,否,0,0,0
2023-09-20 00:00:00,O00002448,直播下单,U01104,否,否,女,服饰,55,1,否,0,0,1
2023-09-20 00:00:00,O00002449,店铺下单,U01695,是,否,男,服饰,120,2,是,0,0,1
2023-09-20 00:00:00,O00002450,直播下单,U00677,否,否,女,服饰,111,1,是,0,0,1
2023-09-20 00:00:00,O00002451,店铺下单,U01010,是,否,女,家居,87,1,是,0,1,1
2023-09-20 00:00:00,O00002452,店铺下单,U00189,是,否,女,服饰,199,1,是,0,0,0
2023-09-20 00:00:00,O00002453,直播下单,U00605,否,否,男,数码,148,1,是,0,0,1
2023-09-20 00:00:00,O00002454,店铺下单,U00535,否,否,男,食品,63,1,否,0,0,0
2023-09-20 00:00:00,O00002455,直播下单,U00924,否,是,女,服饰,169,1,否,0,0,1
2023-09-21 00:00:00,O00002456,店铺下单,U01401,否,否,女,食品,172,2,是,0,0,1
2023-09-21 00:00:00,O00002457,直播下单,U01654,是,否,男,服饰,115,1,否,0,0,1
2023-09-21 00:00:00,O00002458,店铺下单,U01586,否,否,男,食品,98,1,否,0,0,0
2023-09-21 00:00:00,O00002459,直播下单,U00164,否,否,女,数码,58,1,否,1,0,1
2023-09-21 00:00:00,O00002460,店铺下单,U01409,是,否,女,家居,74,1,是,0,0,1
2023-09-21 00:00:00,O00002461,店铺下单,U00510,否,否,男,服饰,86,1,否,0,0,0
2023-09-21 00:00:00,O00002462,直播下单,U01248,是,否,女,数码,56,1,是,0,0,0
2023-09-21 00:00:00,O00002463,直播下单,U01623,是,否,男,数码,198,1,是,1,1,1
2023-09-21 00:00:00,O00002464,直播下单,U01227,否,否,女,家居,64,2,否,0,0,1
2023-09-22 00:00:00,O00002465,直播下单,U01879,否,否,女,家居,183,1,否,0,1,1
2023-09-22 00:00:00,O00002466,店铺下单,U01917,否,否,女,服饰,92,1,是,0,0,1
2023-09-22 00:00:00,O00002467,直播下单,U00547,否,否,女,家居,47,1,是,0,0,1
2023-09-22 00:00:00,O00002468,直播下单,U00089,否,否,女,数码,117,1,否,0,0,1
2023-09-22 00:00:00,O00002469,店铺下单,U01542,否,否,男,服饰,69,2,否,0,0,0
2023-09-22 00:00:00,O00002470,店铺下单,U00043,否,是,男,服饰,186,1,否,0,0,0
2023-09-22 00:00:00,O00002471,直播下单,U00904,否,是,女,服饰,128,2,是,0,0,1
2023-09-22 00:00:00,O00002472,店铺下单,U00342,是,否,女,服饰,61,1,是,0,0,1
2023-09-23 00:00:00,O00002473,直播下单,U01787,否,否,女,食品,52,1,否,0,0,1
2023-09-23 00:00:00,O00002474,直播下单,U01814,否,否,女,食品,194,1,是,0,1,1
2023-09-23 00:00:00,O00002475,店铺下单,U00663,否,否,女,家居,136,1,否,0,0,1
2023-09-23 00:00:00,O00002476,直播下单,U00355,否,否,女,服饰,171,1,否,0,0,1
2023-09-23 00:00:00,O00002477,店铺下单,U01559,是,否,男,家居,168,4,是,0,0,1
2023-09-23 00:00:00,O00002478,直播下单,U00152,是,否,女,服饰,183,2,是,0,0,1
2023-09-23 00:00:00,O00002479,直播下单,U00600,否,否,女,服饰,66,1,否,0,0,1
2023-09-23 00:00:00,O00002480,店铺下单,U00486,否,否,女,家居,138,1,是,0,0,0
2023-09-23 00:00:00,O00002481,店铺下单,U00242,是,是,男,数码,119,1,否,0,0,1
2023-09-23 00:00:00,O00002482,店铺下单,U00083,否,是,女,服饰,167,1,否,0,0,1
2023-09-24 00:00:00,O00002483,店铺下单,U00934,是,否,男,服饰,98,1,否,0,0,1
2023-09-24 00:00:00,O00002484,店铺下单,U00947,是,是,男,食品,62,1,否,0,0,0
2023-09-24 00:00:00,O00002485,直播下单,U00196,是,否,女,食品,127,1,是,0,0,1
2023-09-24 00:00:00,O00002486,直播下单,U01829,否,否,男,家居,77,1,是,0,0,1
2023-09-24 00:00:00,O00002487,店铺下单,U00468,否,否,男,家居,112,1,是,0,0,1
2023-09-24 00:00:00,O00002488,店铺下单,U01560,否,否,男,数码,71,1,否,0,0,1
2023-09-24 00:00:00,O00002489,店铺下单,U01104,否,是,女,家居,39,2,是,0,0,1
2023-09-24 00:00:00,O00002490,直播下单,U00793,是,否,男,家居,99,1,否,0,1,1
2023-09-24 00:00:00,O00002491,直播下单,U00675,否,否,女,数码,173,3,否,0,0,1
2023-09-25 00:00:00,O00002492,店铺下单,U00016,是,是,女,数码,45,1,否,0,0,0
2023-09-25 00:00:00,O00002493,直播下单,U00493,否,是,男,家居,196,2,否,0,0,1
2023-09-25 00:00:00,O00002494,直播下单,U00835,否,否,女,家居,163,1,否,0,0,1
2023-09-25 00:00:00,O00002495,直播下单,U01855,否,否,女,食品,188,1,是,0,0,0
2023-09-25 00:00:00,O00002496,店铺下单,U01219,否,否,男,数码,120,1,是,0,1,1
2023-09-26 00:00:00,O00002497,店铺下单,U00627,是,否,男,食品,82,1,是,0,0,1
2023-09-26 00:00:00,O00002498,直播下单,U01081,否,否,女,食品,178,2,是,0,0,1
2023-09-26 00:00:00,O00002499,直播下单,U01632,是,否,女,家居,80,1,否,1,0,1
2023-09-26 00:00:00,O00002500,店铺下单,U00639,是,是,女,数码,112,2,是,0,0,1
2023-09-26 00:00:00,O00002501,店铺下单,U01180,否,否,女,家居,86,1,否,0,0,1
2023-09-26 00:00:00,O00002502,直播下单,U01031,否,否,男,数码,139,1,否,0,0,1
2023-09-26 00:00:00,O00002503,店铺下单,U01501,否,是,女,家居,142,1,否,0,0,1
2023-09-26 00:00:00,O00002504,店铺下单,U00930,否,是,男,家居,183,3,是,0,0,1
2023-09-26 00:00:00,O00002505,店铺下单,U00308,否,否,女,服饰,93,1,否,0,0,1
2023-09-26 00:00:00,O00002506,店铺下单,U01418,是,是,女,服饰,153,1,否,0,0,1
2023-09-26 00:00:00,O00002507,直播下单,U01963,是,否,男,服饰,74,1,否,0,0,0
2023-09-27 00:00:00,O00002508,店铺下单,U01951,否,否,女,家居,116,1,是,0,0,1
2023-09-27 00:00:00,O00002509,店铺下单,U00405,否,否,女,家居,146,1,否,0,0,1
2023-09-27 00:00:00,O00002510,店铺下单,U00340,否,否,男,家居,156,1,是,0,0,0
2023-09-27 00:00:00,O00002511,直播下单,U00070,否,是,男,数码,88,1,是,0,0,0
2023-09-27 00:00:00,O00002512,直播下单,U01004,否,是,女,服饰,72,1,否,0,0,1
2023-09-27 00:00:00,O00002513,店铺下单,U00538,否,否,男,家居,167,1,否,0,0,1
2023-09-28 00:00:00,O00002514,直播下单,U00065,否,否,女,家居,59,1,是,0,0,1
2023-09-28 00:00:00,O00002515,直播下单,U01098,否,是,男,服饰,117,2,否,0,0,1
2023-09-28 00:00:00,O00002516,直播下单,U01774,否,否,男,家居,142,1,是,0,0,0
2023-09-28 00:00:00,O00002517,直播下单,U00484,是,否,男,数码,63,1,是,0,0,1
2023-09-28 00:00:00,O00002518,直播下单,U00169,是,否,女,数码,102,1,是,0,0,1
2023-09-28 00:00:00,O00002519,直播下单,U00489,是,否,男,家居,91,3,是,0,0,1
2023-09-28 00:00:00,O00002520,店铺下单,U00011,否,否,男,服饰,148,1,是,0,0,0
2023-09-28 00:00:00,O00002521,直播下单,U00816,否,是,男,家居,76,1,否,0,0,1
2023-09-28 00:00:00,O00002522,店铺下单,U01761,否,否,女,服饰,147,2,是,0,0,0
2023-09-28 00:00:00,O00002523,直播下单,U01251,否,是,女,食品,150,1,否,0,0,1
2023-09-28 00:00:00,O00002524,直播下单,U00501,否,否,男,服饰,72,1,否,0,0,0
2023-09-28 00:00:00,O00002525,直播下单,U01102,否,否,女,数码,56,1,是,0,0,1
2023-09-29 00:00:00,O00002526,直播下单,U00805,是,是,女,服饰,192,1,否,0,0,1
2023-09-29 00:00:00,O00002527,直播下单,U00219,是,是,女,服饰,142,1,否,0,0,1
2023-09-29 00:00:00,O00002528,直播下单,U00090,否,否,女,数码,113,2,是,0,0,1
2023-09-29 00:00:00,O00002529,店铺下单,U00542,否,是,男,服饰,170,1,否,0,0,1
2023-09-29 00:00:00,O00002530,店铺下单,U01458,是,是,男,服饰,82,1,否,0,0,1
2023-09-29 00:00:00,O00002531,店铺下单,U00260,是,否,男,家居,162,2,是,0,0,0
2023-09-29 00:00:00,O00002532,店铺下单,U01425,是,是,男,数码,188,1,否,0,0,1
2023-09-29 00:00:00,O00002533,直播下单,U01770,否,是,男,家居,125,1,否,0,0,1
2023-09-29 00:00:00,O00002534,直播下单,U00380,否,否,女,家居,99,1,是,0,0,1
2023-09-29 00:00:00,O00002535,店铺下单,U00450,否,是,男,数码,106,1,是,0,0,1
2023-09-30 00:00:00,O00002536,直播下单,U00563,是,否,女,服饰,119,1,是,0,0,0
2023-09-30 00:00:00,O00002537,店铺下单,U01224,是,是,女,家居,88,1,否,0,0,0
2023-09-30 00:00:00,O00002538,店铺下单,U00331,否,是,男,服饰,140,1,是,0,0,1
2023-09-30 00:00:00,O00002539,直播下单,U00364,否,否,女,家居,124,1,否,0,0,1
2023-09-30 00:00:00,O00002540,直播下单,U01520,是,是,男,服饰,108,1,否,0,0,0
2023-09-30 00:00:00,O00002541,直播下单,U00990,否,否,女,数码,180,1,否,0,0,1
2023-10-01 00:00:00,O00002542,店铺下单,U01592,否,否,女,数码,104,1,否,0,0,1
2023-10-01 00:00:00,O00002543,店铺下单,U00235,是,否,女,食品,175,1,否,0,0,1
2023-10-01 00:00:00,O00002544,店铺下单,U01658,是,否,女,家居,115,1,否,0,0,0
2023-10-01 00:00:00,O00002545,直播下单,U01705,否,否,男,家居,169,1,是,0,0,0
2023-10-01 00:00:00,O00002546,店铺下单,U00215,否,是,男,服饰,52,1,否,0,0,1
2023-10-01 00:00:00,O00002547,店铺下单,U01443,是,否,男,食品,43,1,否,0,0,1
2023-10-01 00:00:00,O00002548,直播下单,U00060,否,否,女,服饰,159,1,否,0,0,1
2023-10-01 00:00:00,O00002549,店铺下单,U01295,是,否,女,数码,115,1,是,0,0,1
2023-10-02 00:00:00,O00002550,店铺下单,U00975,否,否,男,服饰,153,1,否,0,0,1
2023-10-02 00:00:00,O00002551,店铺下单,U01582,否,否,男,数码,145,2,否,0,0,1
2023-10-02 00:00:00,O00002552,店铺下单,U01865,否,否,男,家居,193,3,否,0,0,1
2023-10-02 00:00:00,O00002553,直播下单,U01786,否,否,女,食品,141,1,是,0,1,1
2023-10-02 00:00:00,O00002554,直播下单,U01204,否,否,男,服饰,117,1,是,0,0,1
2023-10-02 00:00:00,O00002555,店铺下单,U01457,是,否,女,家居,80,1,是,0,0,1
2023-10-02 00:00:00,O00002556,直播下单,U00102,否,否,女,家居,100,1,是,0,0,0
2023-10-02 00:00:00,O00002557,店铺下单,U00224,否,否,女,服饰,128,1,是,0,0,1
2023-10-02 00:00:00,O00002558,直播下单,U01185,否,是,女,数码,124,1,否,0,0,1
2023-10-03 00:00:00,O00002559,直播下单,U01537,否,否,男,家居,149,1,否,0,0,0
2023-10-03 00:00:00,O00002560,直播下单,U00604,否,否,女,家居,181,1,否,0,0,0
2023-10-03 00:00:00,O00002561,直播下单,U00749,是,否,男,家居,150,2,否,0,0,1
2023-10-03 00:00:00,O00002562,店铺下单,U01238,否,否,女,数码,197,1,是,0,0,1
2023-10-03 00:00:00,O00002563,直播下单,U00363,是,否,女,服饰,39,1,否,0,0,1
2023-10-03 00:00:00,O00002564,直播下单,U00705,否,否,女,服饰,133,1,否,0,1,0
2023-10-04 00:00:00,O00002565,直播下单,U01129,否,是,女,服饰,67,1,否,0,0,1
2023-10-04 00:00:00,O00002566,店铺下单,U00884,是,否,女,数码,109,1,否,0,0,1
2023-10-04 00:00:00,O00002567,店铺下单,U01409,否,是,女,服饰,116,1,否,0,0,1
2023-10-04 00:00:00,O00002568,直播下单,U00523,否,是,男,服饰,72,1,是,0,0,1
2023-10-04 00:00:00,O00002569,店铺下单,U00778,否,否,女,家居,50,1,否,0,0,1
2023-10-04 00:00:00,O00002570,店铺下单,U01992,否,否,女,家居,102,1,是,0,0,0
2023-10-04 00:00:00,O00002571,店铺下单,U00852,是,否,男,食品,191,1,是,0,0,1
2023-10-05 00:00:00,O00002572,店铺下单,U00416,否,否,女,家居,119,1,否,0,1,1
2023-10-05 00:00:00,O00002573,直播下单,U00683,是,是,男,数码,69,1,是,0,0,1
2023-10-05 00:00:00,O00002574,直播下单,U01760,否,否,男,家居,41,2,否,0,0,1
2023-10-05 00:00:00,O00002575,店铺下单,U01364,是,否,女,数码,56,3,是,0,0,1
2023-10-05 00:00:00,O00002576,直播下单,U01873,否,是,女,数码,196,1,否,0,0,1
2023-10-05 00:00:00,O00002577,店铺下单,U01589,否,是,女,食品,155,1,否,0,0,1
2023-10-05 00:00:00,O00002578,店铺下单,U01905,是,是,男,服饰,95,1,否,0,0,1
2023-10-05 00:00:00,O00002579,店铺下单,U01716,是,否,女,家居,122,1,否,1,0,1
2023-10-05 00:00:00,O00002580,直播下单,U00455,否,否,男,家居,96,2,是,0,0,0
2023-10-05 00:00:00,O00002581,店铺下单,U01661,否,否,女,数码,132,1,否,0,0,1
2023-10-05 00:00:00,O00002582,直播下单,U01594,否,否,女,食品,83,1,是,0,0,1
2023-10-06 00:00:00,O00002583,直播下单,U01035,否,否,男,家居,192,1,是,0,0,1
2023-10-06 00:00:00,O00002584,直播下单,U01074,是,否,女,服饰,192,1,否,0,0,1
2023-10-06 00:00:00,O00002585,店铺下单,U01725,否,否,男,服饰,163,1,否,0,0,1
2023-10-06 00:00:00,O00002586,店铺下单,U01361,否,否,男,服饰,139,1,否,0,0,1
2023-10-06 00:00:00,O00002587,店铺下单,U00206,是,是,女,家居,174,1,是,0,0,1
2023-10-06 00:00:00,O00002588,直播下单,U01295,是,是,男,食品,87,2,否,0,0,1
2023-10-06 00:00:00,O00002589,店铺下单,U00194,否,否,女,家居,183,2,是,0,1,1
2023-10-06 00:00:00,O00002590,直播下单,U01529,否,是,女,服饰,129,1,否,1,0,1
2023-10-06 00:00:00,O00002591,直播下单,U00342,是,否,女,家居,64,2,是,0,0,1
2023-10-06 00:00:00,O00002592,店铺下单,U01313,否,否,女,食品,186,1,是,0,0,1
2023-10-06 00:00:00,O00002593,店铺下单,U01221,是,是,男,家居,78,1,是,0,0,1
2023-10-06 00:00:00,O00002594,直播下单,U00855,否,是,女,数码,167,1,是,0,0,1
2023-10-07 00:00:00,O00002595,直播下单,U01780,是,否,男,家居,144,1,是,0,0,1
2023-10-07 00:00:00,O00002596,店铺下单,U01406,否,是,女,服饰,57,1,是,0,0,1
2023-10-07 00:00:00,O00002597,店铺下单,U01463,否,否,女,家居,58,1,否,0,0,0
2023-10-07 00:00:00,O00002598,直播下单,U01170,否,是,女,食品,94,1,是,0,0,1
2023-10-07 00:00:00,O00002599,直播下单,U01328,是,否,女,家居,133,1,是,0,0,1
2023-10-08 00:00:00,O00002600,店铺下单,U01063,否,否,男,食品,55,1,否,0,1,1
2023-10-08 00:00:00,O00002601,直播下单,U00279,是,是,女,家居,126,1,否,0,0,0
2023-10-08 00:00:00,O00002602,店铺下单,U01912,否,否,女,服饰,91,1,否,0,0,1
2023-10-08 00:00:00,O00002603,直播下单,U01310,否,否,女,家居,193,1,否,0,0,1
2023-10-08 00:00:00,O00002604,直播下单,U00385,否,否,男,服饰,52,1,否,0,0,1
2023-10-08 00:00:00,O00002605,店铺下单,U01274,是,否,女,服饰,160,1,否,0,1,1
2023-10-08 00:00:00,O00002606,直播下单,U00318,否,否,男,服饰,48,1,否,0,0,1
2023-10-08 00:00:00,O00002607,店铺下单,U00508,否,是,男,数码,148,1,是,0,0,0
2023-10-08 00:00:00,O00002608,直播下单,U00538,否,否,男,服饰,85,1,是,0,0,1
2023-10-08 00:00:00,O00002609,直播下单,U01310,是,是,男,食品,59,1,否,0,0,1
2023-10-08 00:00:00,O00002610,店铺下单,U00446,否,否,男,服饰,92,1,否,0,1,1
2023-10-08 00:00:00,O00002611,店铺下单,U00397,否,否,女,服饰,43,2,否,0,0,1
2023-10-08 00:00:00,O00002612,直播下单,U00901,是,否,男,服饰,87,1,否,0,0,1
2023-10-09 00:00:00,O00002613,直播下单,U01748,是,否,男,食品,67,1,否,0,0,1
2023-10-09 00:00:00,O00002614,店铺下单,U00034,否,是,男,食品,85,1,是,0,0,1
2023-10-09 00:00:00,O00002615,直播下单,U00170,否,是,女,数码,143,1,是,0,0,1
2023-10-09 00:00:00,O00002616,店铺下单,U01636,否,否,男,数码,196,1,是,0,0,1
2023-10-09 00:00:00,O00002617,直播下单,U00578,是,否,女,服饰,86,1,否,0,0,1
2023-10-09 00:00:00,O00002618,直播下单,U01304,是,否,女,家居,39,2,否,0,0,1
2023-10-09 00:00:00,O00002619,店铺下单,U00165,否,是,男,数码,67,1,是,0,0,1
2023-10-09 00:00:00,O00002620,店铺下单,U00937,是,是,男,服饰,197,1,是,0,1,0
2023-10-09 00:00:00,O00002621,直播下单,U00507,是,否,男,服饰,60,1,是,0,1,1
2023-10-09 00:00:00,O00002622,店铺下单,U01606,否,否,女,数码,51,1,否,0,0,1
2023-10-09 00:00:00,O00002623,直播下单,U00185,是,否,男,服饰,100,1,是,0,0,1
2023-10-09 00:00:00,O00002624,店铺下单,U01323,否,否,女,服饰,124,1,否,0,0,1
2023-10-09 00:00:00,O00002625,直播下单,U00474,否,否,男,家居,59,1,是,0,0,1
2023-10-10 00:00:00,O00002626,店铺下单,U01112,否,否,女,食品,44,1,是,0,0,1
2023-10-10 00:00:00,O00002627,店铺下单,U00103,否,否,女,数码,42,1,否,0,0,1
2023-10-10 00:00:00,O00002628,店铺下单,U00047,否,否,男,数码,195,1,是,0,0,1
2023-10-10 00:00:00,O00002629,直播下单,U01864,是,否,女,数码,138,2,是,0,0,1
2023-10-10 00:00:00,O00002630,店铺下单,U01292,否,否,男,家居,164,2,否,0,0,1
2023-10-10 00:00:00,O00002631,直播下单,U01985,否,否,男,家居,172,1,是,0,0,1
2023-10-10 00:00:00,O00002632,直播下单,U00628,是,否,女,服饰,174,2,是,0,0,1
2023-10-10 00:00:00,O00002633,直播下单,U01233,是,是,女,服饰,104,1,否,0,0,1
2023-10-11 00:00:00,O00002634,直播下单,U01986,否,否,男,食品,181,2,是,0,0,0
2023-10-11 00:00:00,O00002635,直播下单,U00243,是,否,女,服饰,126,1,是,0,0,0
2023-10-11 00:00:00,O00002636,店铺下单,U01101,是,否,男,服饰,166,1,否,0,0,1
2023-10-11 00:00:00,O00002637,店铺下单,U00966,是,否,男,数码,69,1,否,0,0,0
2023-10-11 00:00:00,O00002638,店铺下单,U00767,是,否,男,服饰,115,4,是,0,0,1
2023-10-12 00:00:00,O00002639,直播下单,U01601,是,否,男,食品,64,1,否,1,0,0
2023-10-12 00:00:00,O00002640,直播下单,U00967,否,否,女,家居,126,1,是,0,1,1
2023-10-12 00:00:00,O00002641,店铺下单,U01056,否,否,女,家居,86,1,否,0,0,1
2023-10-12 00:00:00,O00002642,店铺下单,U01618,否,否,女,服饰,137,1,否,0,0,0
2023-10-12 00:00:00,O00002643,店铺下单,U00895,是,否,女,服饰,183,1,否,0,0,1
2023-10-12 00:00:00,O00002644,直播下单,U00016,否,否,女,家居,148,1,否,0,0,1
2023-10-12 00:00:00,O00002645,店铺下单,U01567,否,是,女,服饰,69,1,是,0,0,1
2023-10-13 00:00:00,O00002646,店铺下单,U00657,是,否,女,数码,64,1,否,0,0,1
2023-10-13 00:00:00,O00002647,直播下单,U01137,是,是,男,家居,174,1,是,0,0,1
2023-10-13 00:00:00,O00002648,直播下单,U01533,否,否,男,服饰,115,1,是,0,0,1
2023-10-13 00:00:00,O00002649,直播下单,U00314,否,否,女,数码,62,2,否,0,0,0
2023-10-13 00:00:00,O00002650,店铺下单,U01202,否,否,女,家居,56,1,是,0,0,0
2023-10-13 00:00:00,O00002651,店铺下单,U01051,否,否,男,服饰,72,1,是,0,0,1
2023-10-13 00:00:00,O00002652,店铺下单,U00181,否,否,女,服饰,88,1,否,0,0,1
2023-10-13 00:00:00,O00002653,店铺下单,U00626,否,是,男,家居,184,1,否,0,0,1
2023-10-14 00:00:00,O00002654,直播下单,U00341,是,否,女,家居,115,1,是,0,0,1
2023-10-14 00:00:00,O00002655,店铺下单,U00346,否,否,女,家居,86,1,否,0,0,1
2023-10-14 00:00:00,O00002656,直播下单,U00147,否,否,女,服饰,183,1,是,0,0,0
2023-10-14 00:00:00,O00002657,店铺下单,U01732,否,否,女,家居,63,3,否,0,0,1
2023-10-14 00:00:00,O00002658,店铺下单,U01831,否,是,女,数码,127,2,是,1,0,0
2023-10-14 00:00:00,O00002659,直播下单,U00736,否,否,男,服饰,150,1,是,0,0,1
2023-10-14 00:00:00,O00002660,店铺下单,U00545,是,是,女,服饰,189,1,是,0,0,0
2023-10-14 00:00:00,O00002661,店铺下单,U01200,否,否,女,服饰,188,1,否,0,0,1
2023-10-15 00:00:00,O00002662,直播下单,U00628,否,是,女,数码,115,4,是,0,0,1
2023-10-15 00:00:00,O00002663,直播下单,U01995,是,否,女,家居,127,1,是,0,0,1
2023-10-15 00:00:00,O00002664,直播下单,U01636,是,否,女,服饰,116,1,是,0,0,1
2023-10-15 00:00:00,O00002665,店铺下单,U00372,否,否,女,食品,58,1,是,1,0,1
2023-10-15 00:00:00,O00002666,直播下单,U01495,否,否,女,数码,58,1,是,0,0,0
2023-10-15 00:00:00,O00002667,直播下单,U00709,是,否,女,数码,92,1,否,0,0,1
2023-10-15 00:00:00,O00002668,店铺下单,U00394,否,否,男,家居,65,1,否,0,0,1
2023-10-15 00:00:00,O00002669,直播下单,U00566,是,是,女,家居,169,1,是,0,0,1
2023-10-15 00:00:00,O00002670,店铺下单,U00890,否,否,女,数码,62,2,否,1,0,0
2023-10-15 00:00:00,O00002671,店铺下单,U01521,是,是,女,数码,41,1,否,0,0,0
2023-10-15 00:00:00,O00002672,直播下单,U00012,否,否,女,服饰,48,1,是,0,0,1
2023-10-16 00:00:00,O00002673,店铺下单,U01815,是,否,男,食品,154,1,否,0,0,1
2023-10-16 00:00:00,O00002674,店铺下单,U00900,是,是,男,家居,101,1,是,0,0,1
2023-10-16 00:00:00,O00002675,店铺下单,U00940,是,是,女,数码,149,1,否,0,0,1
2023-10-17 00:00:00,O00002676,店铺下单,U00730,否,否,女,食品,70,1,否,0,0,1
2023-10-17 00:00:00,O00002677,直播下单,U01983,否,否,女,数码,105,2,是,0,0,1
2023-10-17 00:00:00,O00002678,直播下单,U01778,否,否,男,家居,60,1,否,0,0,1
2023-10-17 00:00:00,O00002679,直播下单,U01033,否,否,女,服饰,68,1,否,0,0,1
2023-10-17 00:00:00,O00002680,店铺下单,U01958,否,否,女,服饰,44,3,否,0,0,1
2023-10-17 00:00:00,O00002681,店铺下单,U00137,是,否,男,家居,45,2,否,0,0,0
2023-10-17 00:00:00,O00002682,店铺下单,U00055,否,是,女,家居,89,1,是,0,0,0
2023-10-18 00:00:00,O00002683,直播下单,U00999,否,否,男,家居,47,2,否,0,0,1
2023-10-18 00:00:00,O00002684,店铺下单,U01010,否,否,女,服饰,91,1,是,0,1,1
2023-10-18 00:00:00,O00002685,店铺下单,U00532,否,否,女,食品,65,2,是,0,0,0
2023-10-18 00:00:00,O00002686,店铺下单,U01675,否,是,女,服饰,108,1,是,0,0,0
2023-10-18 00:00:00,O00002687,店铺下单,U01600,否,否,男,食品,69,2,是,0,0,1
2023-10-18 00:00:00,O00002688,店铺下单,U00886,否,否,男,家居,198,1,否,0,0,1
2023-10-18 00:00:00,O00002689,直播下单,U00137,否,是,女,家居,147,1,否,0,0,1
2023-10-19 00:00:00,O00002690,直播下单,U01624,是,否,女,服饰,62,1,是,0,0,1
2023-10-19 00:00:00,O00002691,直播下单,U01724,否,否,女,服饰,124,1,是,0,0,1
2023-10-19 00:00:00,O00002692,直播下单,U00502,否,否,男,家居,45,1,否,0,0,1
2023-10-19 00:00:00,O00002693,直播下单,U01686,否,否,女,家居,48,1,否,0,0,1
2023-10-19 00:00:00,O00002694,直播下单,U00399,否,否,女,家居,153,1,否,0,0,1
2023-10-19 00:00:00,O00002695,店铺下单,U00082,否,否,男,食品,125,1,否,0,0,0
2023-10-19 00:00:00,O00002696,直播下单,U01987,否,否,女,服饰,43,1,否,0,0,1
2023-10-19 00:00:00,O00002697,店铺下单,U00006,否,是,女,家居,141,1,是,0,1,1
2023-10-19 00:00:00,O00002698,直播下单,U01122,否,否,女,家居,87,1,是,0,0,1
2023-10-20 00:00:00,O00002699,店铺下单,U01270,否,否,女,家居,197,1,是,0,0,1
2023-10-20 00:00:00,O00002700,店铺下单,U01640,否,否,女,服饰,112,1,否,0,0,1
2023-10-20 00:00:00,O00002701,店铺下单,U01691,否,否,男,家居,83,1,否,0,0,1
2023-10-20 00:00:00,O00002702,店铺下单,U01063,否,是,女,数码,196,1,是,1,0,1
2023-10-20 00:00:00,O00002703,直播下单,U01384,是,否,女,服饰,75,1,否,0,0,1
2023-10-20 00:00:00,O00002704,直播下单,U00693,否,否,男,家居,115,1,否,0,0,1
2023-10-20 00:00:00,O00002705,店铺下单,U00454,否,否,男,家居,183,1,否,0,0,1
2023-10-20 00:00:00,O00002706,直播下单,U00503,否,否,女,食品,96,1,是,0,0,1
2023-10-20 00:00:00,O00002707,直播下单,U00142,否,否,男,家居,55,2,否,0,0,0
2023-10-20 00:00:00,O00002708,店铺下单,U01020,是,否,女,食品,149,1,是,0,0,1
2023-10-21 00:00:00,O00002709,店铺下单,U01031,否,是,女,家居,106,1,是,0,0,1
2023-10-21 00:00:00,O00002710,店铺下单,U00600,否,否,女,食品,88,1,否,0,0,1
2023-10-21 00:00:00,O00002711,直播下单,U01273,否,否,女,服饰,197,1,否,0,0,1
2023-10-21 00:00:00,O00002712,店铺下单,U01757,否,是,男,家居,42,1,否,0,0,1
2023-10-21 00:00:00,O00002713,直播下单,U00454,是,否,男,服饰,114,1,否,0,0,0
2023-10-21 00:00:00,O00002714,直播下单,U01181,否,否,女,服饰,149,1,是,0,0,0
2023-10-21 00:00:00,O00002715,店铺下单,U01561,否,否,女,服饰,189,1,否,0,0,1
2023-10-21 00:00:00,O00002716,店铺下单,U00377,是,是,女,食品,120,1,否,0,0,1
2023-10-21 00:00:00,O00002717,店铺下单,U00412,是,否,男,家居,112,1,否,1,0,1
2023-10-21 00:00:00,O00002718,直播下单,U00571,否,否,女,服饰,59,1,否,0,0,0
2023-10-21 00:00:00,O00002719,直播下单,U01074,是,否,男,家居,58,1,否,0,0,1
2023-10-21 00:00:00,O00002720,直播下单,U01290,否,否,女,服饰,181,2,是,0,1,1
2023-10-22 00:00:00,O00002721,店铺下单,U00269,是,否,女,数码,194,2,否,0,0,0
2023-10-22 00:00:00,O00002722,店铺下单,U00566,是,是,女,家居,144,1,是,0,0,1
2023-10-22 00:00:00,O00002723,店铺下单,U00754,否,否,男,家居,109,1,否,0,0,1
2023-10-22 00:00:00,O00002724,店铺下单,U01395,是,否,女,服饰,50,1,否,0,0,1
2023-10-22 00:00:00,O00002725,直播下单,U01984,否,否,女,家居,152,2,是,0,0,1
2023-10-22 00:00:00,O00002726,直播下单,U01957,是,否,男,食品,86,1,否,1,0,1
2023-10-22 00:00:00,O00002727,店铺下单,U01840,否,否,女,数码,115,1,是,0,0,1
2023-10-22 00:00:00,O00002728,直播下单,U01200,是,是,女,服饰,143,1,是,0,0,1
2023-10-22 00:00:00,O00002729,直播下单,U01764,否,是,女,数码,123,1,否,0,0,1
2023-10-23 00:00:00,O00002730,店铺下单,U00584,否,否,男,服饰,77,3,是,0,0,0
2023-10-23 00:00:00,O00002731,直播下单,U01752,否,否,女,食品,166,1,是,0,0,1
2023-10-23 00:00:00,O00002732,直播下单,U01049,是,否,女,服饰,69,1,是,0,0,1
2023-10-23 00:00:00,O00002733,直播下单,U01419,是,否,男,服饰,147,1,否,0,0,1
2023-10-23 00:00:00,O00002734,直播下单,U01926,否,否,女,服饰,114,1,否,0,0,0
2023-10-23 00:00:00,O00002735,店铺下单,U00299,否,是,男,家居,180,1,否,0,0,1
2023-10-23 00:00:00,O00002736,店铺下单,U01762,否,否,男,服饰,198,1,是,0,0,0
2023-10-23 00:00:00,O00002737,直播下单,U00191,否,否,男,服饰,127,1,否,0,0,1
2023-10-23 00:00:00,O00002738,直播下单,U01743,是,否,女,食品,124,1,否,0,0,1
2023-10-23 00:00:00,O00002739,直播下单,U01576,否,否,女,食品,58,1,是,0,0,0
2023-10-23 00:00:00,O00002740,直播下单,U00911,否,否,女,食品,51,1,否,0,0,1
2023-10-24 00:00:00,O00002741,店铺下单,U00308,是,否,男,数码,165,1,是,0,0,1
2023-10-24 00:00:00,O00002742,直播下单,U01037,否,是,男,家居,167,1,否,0,0,1
2023-10-24 00:00:00,O00002743,直播下单,U00269,是,是,女,食品,72,1,否,0,0,0
2023-10-24 00:00:00,O00002744,店铺下单,U00144,否,否,女,家居,69,1,否,0,0,0
2023-10-24 00:00:00,O00002745,店铺下单,U01912,否,是,女,服饰,78,1,否,0,0,1
2023-10-24 00:00:00,O00002746,店铺下单,U01294,否,否,男,家居,99,1,否,0,0,1
2023-10-24 00:00:00,O00002747,店铺下单,U00474,是,是,男,服饰,135,1,否,0,0,0
2023-10-24 00:00:00,O00002748,直播下单,U01347,否,是,女,数码,167,1,否,0,0,1
2023-10-25 00:00:00,O00002749,店铺下单,U01322,是,否,女,数码,129,1,否,0,0,1
2023-10-25 00:00:00,O00002750,店铺下单,U01657,否,否,男,服饰,177,2,是,0,0,1
2023-10-25 00:00:00,O00002751,店铺下单,U01261,否,否,女,服饰,76,1,否,0,0,1
2023-10-25 00:00:00,O00002752,直播下单,U01740,是,否,男,家居,118,3,是,0,0,1
2023-10-25 00:00:00,O00002753,店铺下单,U01057,是,否,男,数码,108,1,是,0,0,0
2023-10-25 00:00:00,O00002754,店铺下单,U00922,否,否,女,服饰,180,1,是,0,0,1
2023-10-25 00:00:00,O00002755,直播下单,U00158,是,否,男,食品,41,1,是,0,0,1
2023-10-25 00:00:00,O00002756,店铺下单,U00246,否,否,女,服饰,91,1,是,0,0,0
2023-10-26 00:00:00,O00002757,店铺下单,U00635,否,否,男,服饰,124,4,是,0,0,1
2023-10-26 00:00:00,O00002758,直播下单,U00576,是,是,女,服饰,51,1,是,0,0,1
2023-10-26 00:00:00,O00002759,直播下单,U01374,是,否,男,食品,101,1,否,0,0,0
2023-10-26 00:00:00,O00002760,直播下单,U00045,否,否,女,家居,46,1,是,0,1,1
2023-10-26 00:00:00,O00002761,店铺下单,U00809,否,否,女,服饰,98,1,否,0,0,1
2023-10-26 00:00:00,O00002762,店铺下单,U00538,否,否,女,服饰,180,2,否,0,0,1
2023-10-26 00:00:00,O00002763,店铺下单,U00777,否,否,女,食品,180,1,是,0,0,1
2023-10-26 00:00:00,O00002764,店铺下单,U01429,否,否,女,家居,90,1,否,1,0,1
2023-10-26 00:00:00,O00002765,店铺下单,U01563,否,否,女,家居,93,1,否,0,0,1
2023-10-26 00:00:00,O00002766,直播下单,U00686,否,是,女,食品,113,1,是,0,0,1
2023-10-26 00:00:00,O00002767,店铺下单,U01225,否,否,男,家居,180,1,否,0,0,1
2023-10-26 00:00:00,O00002768,店铺下单,U00373,否,否,男,食品,61,3,否,0,0,1
2023-10-26 00:00:00,O00002769,直播下单,U00543,是,否,女,数码,175,1,是,0,0,1
2023-10-26 00:00:00,O00002770,店铺下单,U00927,是,是,男,服饰,167,1,否,0,0,0
2023-10-27 00:00:00,O00002771,直播下单,U01087,否,否,女,数码,131,1,否,0,0,1
2023-10-27 00:00:00,O00002772,直播下单,U00654,否,是,女,数码,88,1,否,0,0,1
2023-10-27 00:00:00,O00002773,店铺下单,U01379,是,否,男,家居,124,1,否,0,0,1
2023-10-27 00:00:00,O00002774,店铺下单,U00968,否,否,女,服饰,159,1,是,0,0,1
2023-10-27 00:00:00,O00002775,店铺下单,U01224,是,否,女,食品,155,1,否,0,0,1
2023-10-27 00:00:00,O00002776,店铺下单,U00844,否,否,女,食品,40,1,否,0,0,1
2023-10-27 00:00:00,O00002777,直播下单,U00650,否,否,男,服饰,82,1,否,0,0,1
2023-10-27 00:00:00,O00002778,直播下单,U00189,否,否,女,服饰,176,1,否,0,0,0
2023-10-27 00:00:00,O00002779,直播下单,U01454,否,是,女,服饰,79,1,是,0,0,0
2023-10-27 00:00:00,O00002780,直播下单,U00370,否,否,女,食品,163,1,是,0,0,0
2023-10-27 00:00:00,O00002781,直播下单,U00943,否,否,男,数码,116,1,否,0,0,1
2023-10-28 00:00:00,O00002782,直播下单,U00515,是,是,男,数码,117,1,否,0,0,0
2023-10-28 00:00:00,O00002783,店铺下单,U00766,是,否,男,食品,129,1,否,1,0,0
2023-10-28 00:00:00,O00002784,店铺下单,U01490,否,是,女,数码,97,2,是,0,0,1
2023-10-28 00:00:00,O00002785,店铺下单,U00110,否,否,女,数码,57,1,否,0,0,1
2023-10-28 00:00:00,O00002786,直播下单,U00249,否,否,男,食品,87,3,否,0,0,1
2023-10-28 00:00:00,O00002787,直播下单,U00523,是,否,男,服饰,110,1,否,0,0,1
2023-10-28 00:00:00,O00002788,店铺下单,U00445,否,否,男,服饰,117,1,否,0,0,1
2023-10-28 00:00:00,O00002789,店铺下单,U01791,否,否,女,家居,114,1,否,0,0,1
2023-10-28 00:00:00,O00002790,直播下单,U01957,是,是,男,家居,119,1,是,0,0,1
2023-10-29 00:00:00,O00002791,店铺下单,U01745,是,否,女,数码,182,1,否,0,0,1
2023-10-29 00:00:00,O00002792,店铺下单,U01521,否,否,男,家居,187,1,是,0,0,1
2023-10-29 00:00:00,O00002793,店铺下单,U00059,是,否,女,数码,75,1,是,0,0,1
2023-10-29 00:00:00,O00002794,直播下单,U01155,是,否,男,服饰,46,1,是,0,1,0
2023-10-29 00:00:00,O00002795,直播下单,U01360,否,否,女,家居,156,1,否,0,0,0
2023-10-29 00:00:00,O00002796,直播下单,U00861,是,否,男,数码,150,1,是,0,0,0
2023-10-29 00:00:00,O00002797,直播下单,U01807,是,否,女,食品,189,2,否,0,0,1
2023-10-29 00:00:00,O00002798,直播下单,U01456,是,否,男,数码,48,1,否,0,0,0
2023-10-29 00:00:00,O00002799,直播下单,U00502,否,否,女,服饰,46,1,否,0,0,1
2023-10-30 00:00:00,O00002800,店铺下单,U00760,否,否,女,服饰,121,1,否,0,0,0
2023-10-30 00:00:00,O00002801,店铺下单,U00521,否,是,男,服饰,198,1,否,0,0,1
2023-10-30 00:00:00,O00002802,店铺下单,U00921,否,是,女,数码,158,1,是,0,0,1
2023-10-30 00:00:00,O00002803,店铺下单,U00912,否,否,女,服饰,190,1,否,0,0,1
2023-10-30 00:00:00,O00002804,店铺下单,U00013,否,否,女,数码,192,1,否,0,0,1
2023-10-30 00:00:00,O00002805,店铺下单,U00268,否,否,男,数码,62,1,是,0,0,1
2023-10-30 00:00:00,O00002806,店铺下单,U01351,是,否,女,家居,177,1,否,0,0,1
2023-10-30 00:00:00,O00002807,直播下单,U01550,否,否,女,服饰,52,1,否,0,0,1
2023-10-30 00:00:00,O00002808,店铺下单,U00851,否,否,男,服饰,191,1,否,0,1,1
2023-10-30 00:00:00,O00002809,直播下单,U00733,否,否,男,数码,43,1,是,0,0,1
2023-10-30 00:00:00,O00002810,店铺下单,U00609,否,否,男,数码,160,1,是,0,0,1
2023-10-31 00:00:00,O00002811,直播下单,U01037,是,是,男,数码,57,1,否,0,0,1
2023-10-31 00:00:00,O00002812,店铺下单,U00248,否,否,男,食品,146,1,是,0,0,0
2023-10-31 00:00:00,O00002813,直播下单,U00221,否,是,男,服饰,69,3,否,0,0,1
2023-10-31 00:00:00,O00002814,直播下单,U01770,否,否,女,家居,56,1,否,0,0,1
2023-10-31 00:00:00,O00002815,店铺下单,U01476,否,是,女,数码,89,1,否,0,0,1
2023-10-31 00:00:00,O00002816,店铺下单,U00255,是,否,女,家居,70,1,是,0,0,1
2023-10-31 00:00:00,O00002817,店铺下单,U00669,是,否,女,数码,139,1,否,0,0,1
2023-10-31 00:00:00,O00002818,直播下单,U01341,是,否,女,食品,157,1,是,0,0,1
2023-11-01 00:00:00,O00002819,直播下单,U01794,否,是,女,家居,95,1,是,0,0,1
2023-11-01 00:00:00,O00002820,直播下单,U00379,是,否,女,服饰,76,2,是,0,0,1
2023-11-01 00:00:00,O00002821,店铺下单,U01970,否,否,女,数码,152,1,是,0,0,1
2023-11-01 00:00:00,O00002822,店铺下单,U01803,否,是,女,服饰,186,3,否,1,0,1
2023-11-01 00:00:00,O00002823,店铺下单,U01119,是,否,男,家居,127,1,否,0,0,0
2023-11-01 00:00:00,O00002824,直播下单,U01933,是,否,男,数码,136,2,否,0,0,1
2023-11-01 00:00:00,O00002825,直播下单,U00241,否,否,女,食品,50,1,是,0,0,1
2023-11-01 00:00:00,O00002826,店铺下单,U00467,否,否,女,食品,133,1,否,0,0,0
2023-11-02 00:00:00,O00002827,直播下单,U01557,是,否,男,数码,87,1,否,1,0,0
2023-11-02 00:00:00,O00002828,直播下单,U01088,否,是,男,数码,103,1,否,0,0,1
2023-11-02 00:00:00,O00002829,直播下单,U01799,是,否,男,家居,159,1,否,0,0,1
2023-11-02 00:00:00,O00002830,店铺下单,U00062,否,否,女,食品,181,1,否,0,0,1
2023-11-02 00:00:00,O00002831,直播下单,U00674,否,是,男,服饰,43,1,是,0,0,1
2023-11-02 00:00:00,O00002832,直播下单,U01298,是,否,男,服饰,141,1,是,0,0,1
2023-11-02 00:00:00,O00002833,店铺下单,U00221,否,否,女,家居,90,1,否,0,0,1
2023-11-02 00:00:00,O00002834,直播下单,U01434,否,否,男,数码,168,1,是,0,0,1
2023-11-02 00:00:00,O00002835,店铺下单,U00789,否,否,男,数码,66,1,否,0,0,1
2023-11-02 00:00:00,O00002836,店铺下单,U00458,否,否,女,数码,126,2,否,0,1,1
2023-11-02 00:00:00,O00002837,直播下单,U01877,否,否,男,食品,171,2,否,0,0,1
2023-11-02 00:00:00,O00002838,直播下单,U00484,否,是,女,数码,115,1,是,0,0,1
2023-11-02 00:00:00,O00002839,直播下单,U01064,是,否,男,服饰,40,1,否,0,0,0
2023-11-02 00:00:00,O00002840,直播下单,U01518,否,是,女,服饰,133,1,是,0,0,1
2023-11-02 00:00:00,O00002841,店铺下单,U00193,否,否,男,食品,42,1,否,0,0,0
2023-11-02 00:00:00,O00002842,店铺下单,U01516,否,否,女,数码,50,1,是,0,0,1
2023-11-03 00:00:00,O00002843,店铺下单,U01847,否,是,男,服饰,165,1,是,0,0,1
2023-11-03 00:00:00,O00002844,直播下单,U00564,否,否,男,食品,69,1,否,0,0,1
2023-11-03 00:00:00,O00002845,店铺下单,U01218,否,否,女,家居,94,1,是,0,0,1
2023-11-03 00:00:00,O00002846,店铺下单,U00266,否,是,男,食品,127,2,否,0,1,0
2023-11-03 00:00:00,O00002847,店铺下单,U01650,否,否,男,服饰,190,1,是,0,0,1
2023-11-04 00:00:00,O00002848,直播下单,U00534,否,否,男,数码,130,1,否,0,0,1
2023-11-04 00:00:00,O00002849,直播下单,U01318,否,否,男,数码,153,4,是,0,0,0
2023-11-04 00:00:00,O00002850,店铺下单,U00563,否,否,男,食品,41,2,是,0,0,1
2023-11-04 00:00:00,O00002851,店铺下单,U01523,否,是,女,服饰,189,1,是,0,0,1
2023-11-04 00:00:00,O00002852,店铺下单,U01467,是,否,男,数码,74,1,是,0,0,1
2023-11-04 00:00:00,O00002853,直播下单,U00553,是,否,男,服饰,135,1,是,0,0,1
2023-11-04 00:00:00,O00002854,店铺下单,U00704,是,是,女,家居,125,1,否,0,0,1
2023-11-04 00:00:00,O00002855,直播下单,U01173,是,是,男,食品,60,1,是,0,0,1
2023-11-04 00:00:00,O00002856,店铺下单,U00793,是,否,女,服饰,49,1,是,0,0,1
2023-11-04 00:00:00,O00002857,店铺下单,U00876,否,否,男,数码,96,1,否,0,0,1
2023-11-04 00:00:00,O00002858,直播下单,U00245,否,否,男,食品,169,1,否,0,0,0
2023-11-04 00:00:00,O00002859,店铺下单,U01430,否,否,女,家居,81,1,是,0,0,1
2023-11-04 00:00:00,O00002860,店铺下单,U01144,否,否,男,家居,93,1,是,0,0,1
2023-11-04 00:00:00,O00002861,店铺下单,U01663,否,否,女,数码,146,1,是,1,1,1
2023-11-05 00:00:00,O00002862,直播下单,U01870,否,否,女,数码,71,1,是,0,0,1
2023-11-05 00:00:00,O00002863,直播下单,U01457,否,否,男,数码,67,2,是,0,0,1
2023-11-05 00:00:00,O00002864,店铺下单,U00047,否,否,女,数码,191,1,否,0,0,1
2023-11-05 00:00:00,O00002865,店铺下单,U01830,否,否,女,服饰,42,1,否,0,0,1
2023-11-05 00:00:00,O00002866,直播下单,U00231,否,否,女,食品,101,1,否,0,0,1
2023-11-05 00:00:00,O00002867,店铺下单,U00869,否,否,男,数码,195,1,是,1,0,1
2023-11-05 00:00:00,O00002868,直播下单,U01133,是,否,女,家居,104,1,否,0,0,1
2023-11-05 00:00:00,O00002869,店铺下单,U00951,是,是,女,服饰,147,3,否,0,0,1
2023-11-05 00:00:00,O00002870,直播下单,U00152,是,是,女,食品,178,1,否,0,0,1
2023-11-05 00:00:00,O00002871,店铺下单,U01835,否,是,男,家居,39,1,否,0,0,0
2023-11-06 00:00:00,O00002872,店铺下单,U01639,是,否,女,数码,116,3,是,0,0,1
2023-11-06 00:00:00,O00002873,直播下单,U01685,是,否,男,数码,155,2,否,0,0,1
2023-11-06 00:00:00,O00002874,直播下单,U00754,否,否,女,食品,195,1,是,0,0,0
2023-11-06 00:00:00,O00002875,店铺下单,U01624,否,是,男,数码,161,1,是,0,0,1
2023-11-06 00:00:00,O00002876,直播下单,U00916,否,是,男,食品,156,1,是,0,0,0
2023-11-06 00:00:00,O00002877,直播下单,U00626,否,否,女,服饰,119,1,否,0,0,1
2023-11-06 00:00:00,O00002878,店铺下单,U00109,否,否,女,家居,92,1,否,0,0,1
2023-11-06 00:00:00,O00002879,直播下单,U01444,是,否,男,家居,194,2,否,0,0,1
2023-11-06 00:00:00,O00002880,店铺下单,U01017,否,是,女,数码,192,1,是,0,0,1
2023-11-06 00:00:00,O00002881,直播下单,U00568,否,是,男,食品,141,1,否,0,0,0
2023-11-06 00:00:00,O00002882,直播下单,U01367,否,否,女,服饰,128,1,否,0,0,1
2023-11-07 00:00:00,O00002883,直播下单,U01245,是,是,女,服饰,175,1,否,0,1,1
2023-11-07 00:00:00,O00002884,直播下单,U00063,否,否,男,服饰,162,3,否,0,0,1
2023-11-07 00:00:00,O00002885,直播下单,U01248,否,否,女,数码,147,1,否,0,0,0
2023-11-07 00:00:00,O00002886,直播下单,U01747,否,否,男,数码,171,1,是,0,0,1
2023-11-07 00:00:00,O00002887,店铺下单,U00220,否,否,女,家居,182,1,否,0,0,1
2023-11-07 00:00:00,O00002888,直播下单,U01637,否,否,女,数码,130,2,是,0,0,1
2023-11-07 00:00:00,O00002889,店铺下单,U01110,是,否,女,数码,134,1,是,0,0,1
2023-11-07 00:00:00,O00002890,直播下单,U00128,是,是,女,家居,162,4,是,0,0,1
2023-11-08 00:00:00,O00002891,店铺下单,U00554,否,否,男,服饰,140,1,否,0,0,1
2023-11-08 00:00:00,O00002892,直播下单,U01960,是,否,女,数码,143,1,是,0,0,0
2023-11-08 00:00:00,O00002893,店铺下单,U01460,是,否,男,服饰,137,1,是,0,0,1
2023-11-08 00:00:00,O00002894,直播下单,U01493,否,是,男,食品,50,1,否,0,0,1
2023-11-08 00:00:00,O00002895,直播下单,U01254,否,否,女,服饰,171,1,是,0,0,1
2023-11-08 00:00:00,O00002896,直播下单,U01834,否,否,男,服饰,39,1,是,0,0,1
2023-11-08 00:00:00,O00002897,店铺下单,U01324,否,否,男,家居,65,1,否,0,0,0
2023-11-08 00:00:00,O00002898,直播下单,U01869,否,否,女,服饰,157,1,否,0,0,1
2023-11-08 00:00:00,O00002899,店铺下单,U01600,是,是,男,家居,196,1,否,0,0,1
2023-11-09 00:00:00,O00002900,直播下单,U01385,是,否,男,家居,81,1,否,0,0,1
2023-11-09 00:00:00,O00002901,店铺下单,U00943,是,否,女,数码,110,1,否,0,0,0
2023-11-09 00:00:00,O00002902,直播下单,U00874,是,否,男,数码,145,1,否,0,0,0
2023-11-09 00:00:00,O00002903,直播下单,U01274,否,否,男,食品,111,1,是,0,0,1
2023-11-09 00:00:00,O00002904,直播下单,U01099,是,否,女,数码,195,1,否,0,0,0
2023-11-09 00:00:00,O00002905,直播下单,U01092,是,否,女,家居,167,1,是,0,0,1
2023-11-10 00:00:00,O00002906,店铺下单,U00202,否,否,女,数码,87,1,是,0,0,1
2023-11-10 00:00:00,O00002907,直播下单,U00116,是,是,女,家居,184,1,是,0,0,0
2023-11-10 00:00:00,O00002908,直播下单,U01261,是,否,女,食品,195,1,是,0,1,1
2023-11-10 00:00:00,O00002909,店铺下单,U00538,是,否,男,家居,69,1,否,0,0,1
2023-11-10 00:00:00,O00002910,店铺下单,U01656,否,否,男,食品,83,1,否,0,1,1
2023-11-10 00:00:00,O00002911,店铺下单,U00379,否,是,男,服饰,190,1,是,0,0,1
2023-11-10 00:00:00,O00002912,店铺下单,U01817,是,否,男,数码,149,1,否,0,0,1
2023-11-10 00:00:00,O00002913,店铺下单,U00114,是,否,女,数码,125,1,否,0,1,1
2023-11-10 00:00:00,O00002914,店铺下单,U00699,是,否,女,数码,42,1,是,0,0,1
2023-11-10 00:00:00,O00002915,店铺下单,U00706,否,否,男,服饰,161,1,否,0,0,1
2023-11-11 00:00:00,O00002916,直播下单,U00095,否,否,女,服饰,121,1,是,0,0,1
2023-11-11 00:00:00,O00002917,直播下单,U01606,是,否,男,数码,42,2,是,0,0,1
2023-11-11 00:00:00,O00002918,店铺下单,U00384,是,否,男,家居,171,1,是,0,0,0
2023-11-11 00:00:00,O00002919,店铺下单,U00119,否,是,女,数码,190,1,否,0,0,0
2023-11-12 00:00:00,O00002920,直播下单,U01364,否,否,男,数码,59,2,否,0,0,1
2023-11-12 00:00:00,O00002921,店铺下单,U00620,否,是,女,数码,150,1,是,0,0,1
2023-11-12 00:00:00,O00002922,直播下单,U00292,否,否,男,食品,97,1,否,0,0,1
2023-11-12 00:00:00,O00002923,直播下单,U00751,否,否,女,数码,141,1,是,0,0,1
2023-11-12 00:00:00,O00002924,店铺下单,U00414,是,否,男,服饰,93,2,否,1,1,0
2023-11-12 00:00:00,O00002925,店铺下单,U01393,是,是,女,数码,91,1,是,0,0,0
2023-11-12 00:00:00,O00002926,直播下单,U01026,否,否,男,服饰,95,1,是,0,0,1
2023-11-12 00:00:00,O00002927,直播下单,U00729,否,否,女,数码,80,1,是,0,1,1
2023-11-12 00:00:00,O00002928,直播下单,U00346,否,否,女,服饰,85,1,否,0,0,1
2023-11-12 00:00:00,O00002929,店铺下单,U01778,否,否,女,数码,48,3,否,0,0,1
2023-11-12 00:00:00,O00002930,直播下单,U00248,否,否,女,数码,141,1,否,0,0,0
2023-11-13 00:00:00,O00002931,店铺下单,U01457,否,否,男,家居,170,2,否,0,0,1
2023-11-13 00:00:00,O00002932,直播下单,U01970,否,否,男,食品,126,1,否,0,0,0
2023-11-13 00:00:00,O00002933,直播下单,U00660,是,否,男,食品,151,1,否,0,0,0
2023-11-13 00:00:00,O00002934,直播下单,U01648,是,是,男,食品,162,1,否,0,0,1
2023-11-13 00:00:00,O00002935,店铺下单,U00374,是,是,男,食品,154,1,否,0,0,1
2023-11-13 00:00:00,O00002936,直播下单,U00281,否,否,女,数码,118,3,否,1,0,1
2023-11-13 00:00:00,O00002937,店铺下单,U01719,是,否,男,食品,174,3,否,0,0,1
2023-11-14 00:00:00,O00002938,直播下单,U01017,否,否,男,家居,188,2,是,0,0,0
2023-11-14 00:00:00,O00002939,店铺下单,U01261,否,否,女,服饰,102,1,否,0,0,1
2023-11-15 00:00:00,O00002940,店铺下单,U01769,是,否,男,食品,173,1,是,0,0,1
2023-11-15 00:00:00,O00002941,店铺下单,U00337,是,否,女,服饰,137,1,是,0,0,1
2023-11-15 00:00:00,O00002942,直播下单,U00989,否,否,女,服饰,70,1,是,0,0,1
2023-11-15 00:00:00,O00002943,直播下单,U00670,否,否,男,家居,104,1,是,0,0,0
2023-11-15 00:00:00,O00002944,店铺下单,U01442,是,是,男,食品,145,1,是,0,0,1
2023-11-15 00:00:00,O00002945,直播下单,U00849,否,否,女,家居,114,1,否,0,0,0
2023-11-15 00:00:00,O00002946,直播下单,U00198,是,否,男,家居,74,1,是,0,0,1
2023-11-15 00:00:00,O00002947,直播下单,U00446,否,是,男,家居,46,1,否,0,0,1
2023-11-15 00:00:00,O00002948,直播下单,U01442,是,是,女,家居,113,1,是,0,0,1
2023-11-15 00:00:00,O00002949,直播下单,U00677,是,是,男,数码,114,1,否,0,1,1
2023-11-16 00:00:00,O00002950,店铺下单,U00623,否,否,女,食品,192,1,是,0,0,1
2023-11-16 00:00:00,O00002951,店铺下单,U01208,否,是,男,家居,165,3,否,0,0,1
2023-11-16 00:00:00,O00002952,直播下单,U01282,否,是,女,食品,91,1,否,0,0,1
2023-11-16 00:00:00,O00002953,直播下单,U00021,否,否,女,食品,160,1,是,0,0,1
2023-11-16 00:00:00,O00002954,直播下单,U01784,否,是,女,家居,79,1,是,0,0,1
2023-11-16 00:00:00,O00002955,直播下单,U00903,是,否,男,家居,162,3,否,0,0,1
2023-11-16 00:00:00,O00002956,直播下单,U01516,是,是,男,家居,97,1,是,0,0,1
2023-11-16 00:00:00,O00002957,直播下单,U00431,否,否,女,服饰,71,1,否,0,0,1
2023-11-16 00:00:00,O00002958,店铺下单,U01826,是,是,女,数码,147,1,是,0,0,0
2023-11-16 00:00:00,O00002959,直播下单,U01122,否,否,女,服饰,76,1,是,0,0,0
2023-11-17 00:00:00,O00002960,直播下单,U01150,否,否,女,家居,165,1,否,0,0,1
2023-11-17 00:00:00,O00002961,直播下单,U00812,是,否,女,服饰,70,1,是,0,0,1
2023-11-18 00:00:00,O00002962,直播下单,U00768,否,否,女,服饰,189,1,否,0,0,1
2023-11-18 00:00:00,O00002963,直播下单,U01812,否,否,女,食品,103,1,是,0,0,1
2023-11-18 00:00:00,O00002964,直播下单,U01768,否,否,男,家居,100,2,否,0,0,1
2023-11-18 00:00:00,O00002965,店铺下单,U01965,否,是,女,数码,89,1,是,0,0,1
2023-11-18 00:00:00,O00002966,直播下单,U00166,否,是,女,家居,62,1,否,0,0,1
2023-11-18 00:00:00,O00002967,直播下单,U00979,否,是,女,服饰,116,2,否,0,0,1
2023-11-19 00:00:00,O00002968,直播下单,U00626,是,是,女,服饰,115,1,否,0,0,0
2023-11-19 00:00:00,O00002969,店铺下单,U00554,是,否,女,家居,143,1,否,0,0,1
2023-11-19 00:00:00,O00002970,直播下单,U00831,否,否,男,食品,182,1,是,0,0,1
2023-11-19 00:00:00,O00002971,直播下单,U01493,是,是,男,家居,135,1,否,0,0,1
2023-11-19 00:00:00,O00002972,店铺下单,U00836,否,是,女,食品,79,1,否,0,0,1
2023-11-19 00:00:00,O00002973,店铺下单,U00038,否,否,男,数码,87,2,否,0,0,1
2023-11-19 00:00:00,O00002974,店铺下单,U00394,否,否,女,服饰,190,1,否,0,0,1
2023-11-19 00:00:00,O00002975,店铺下单,U01741,否,是,女,服饰,60,3,是,0,0,1
2023-11-19 00:00:00,O00002976,直播下单,U00361,否,否,男,数码,155,1,是,0,0,0
2023-11-19 00:00:00,O00002977,店铺下单,U00817,否,否,女,数码,101,1,是,1,0,0
2023-11-20 00:00:00,O00002978,店铺下单,U00206,否,否,男,数码,103,1,是,0,0,1
2023-11-20 00:00:00,O00002979,直播下单,U01019,是,否,女,数码,82,2,否,0,0,1
2023-11-20 00:00:00,O00002980,店铺下单,U01430,否,否,男,服饰,44,4,否,0,0,1
2023-11-20 00:00:00,O00002981,直播下单,U00688,否,否,女,家居,198,1,是,0,0,1
2023-11-21 00:00:00,O00002982,直播下单,U01536,是,是,女,数码,81,1,否,1,0,1
2023-11-21 00:00:00,O00002983,店铺下单,U00561,是,否,女,食品,118,3,否,0,0,1
2023-11-21 00:00:00,O00002984,店铺下单,U01369,否,是,女,食品,84,2,是,0,0,1
2023-11-21 00:00:00,O00002985,直播下单,U01984,否,否,男,食品,142,1,是,0,0,1
2023-11-21 00:00:00,O00002986,直播下单,U00157,否,否,男,食品,84,2,是,0,0,1
2023-11-21 00:00:00,O00002987,直播下单,U01936,否,是,男,家居,157,1,是,0,0,0
2023-11-21 00:00:00,O00002988,直播下单,U01182,否,否,女,食品,141,1,否,0,0,1
2023-11-21 00:00:00,O00002989,直播下单,U00656,否,否,女,服饰,183,1,是,0,0,0
2023-11-21 00:00:00,O00002990,直播下单,U00637,否,否,男,食品,102,2,否,0,0,1
2023-11-22 00:00:00,O00002991,直播下单,U00187,否,否,女,食品,117,1,是,0,0,1
2023-11-22 00:00:00,O00002992,直播下单,U01083,否,否,男,数码,64,1,是,0,0,1
2023-11-22 00:00:00,O00002993,店铺下单,U01988,否,否,女,食品,136,1,否,0,0,1
2023-11-22 00:00:00,O00002994,店铺下单,U01985,否,否,女,服饰,89,1,否,0,1,1
2023-11-22 00:00:00,O00002995,直播下单,U00040,是,否,男,服饰,164,1,否,0,0,0
2023-11-22 00:00:00,O00002996,直播下单,U00936,是,否,男,食品,132,1,否,0,0,1
2023-11-22 00:00:00,O00002997,店铺下单,U00569,否,否,男,数码,197,1,是,0,0,1
2023-11-22 00:00:00,O00002998,店铺下单,U00389,否,否,男,数码,88,1,否,0,0,1
2023-11-22 00:00:00,O00002999,店铺下单,U00295,否,是,女,数码,102,2,是,0,0,1
2023-11-22 00:00:00,O00003000,店铺下单,U00381,是,否,女,服饰,195,1,否,0,0,1
2023-11-22 00:00:00,O00003001,直播下单,U01810,否,否,男,数码,136,1,是,0,0,1
2023-11-22 00:00:00,O00003002,店铺下单,U01778,否,否,女,服饰,47,1,否,0,0,1
2023-11-23 00:00:00,O00003003,店铺下单,U01263,否,否,女,食品,183,1,否,0,0,1
2023-11-23 00:00:00,O00003004,直播下单,U01537,否,否,男,家居,161,1,否,0,0,1
2023-11-23 00:00:00,O00003005,直播下单,U01968,否,是,男,服饰,180,1,否,0,0,1
2023-11-23 00:00:00,O00003006,直播下单,U01104,否,否,女,家居,174,1,否,0,0,1
2023-11-23 00:00:00,O00003007,直播下单,U00037,否,否,女,数码,122,2,否,0,0,1
2023-11-23 00:00:00,O00003008,直播下单,U00759,是,否,女,服饰,110,1,否,0,0,1
2023-11-23 00:00:00,O00003009,店铺下单,U01246,否,否,男,食品,117,2,否,0,0,1
2023-11-23 00:00:00,O00003010,店铺下单,U01360,否,否,女,服饰,107,1,否,0,0,1
2023-11-23 00:00:00,O00003011,直播下单,U00233,否,否,男,数码,197,1,否,0,0,1
2023-11-23 00:00:00,O00003012,直播下单,U01080,是,否,男,数码,183,1,否,0,0,1
2023-11-23 00:00:00,O00003013,直播下单,U01418,是,否,女,数码,139,1,否,0,0,0
2023-11-23 00:00:00,O00003014,直播下单,U00220,是,否,男,服饰,102,1,是,0,0,0
2023-11-24 00:00:00,O00003015,店铺下单,U01542,否,否,男,服饰,188,2,是,0,0,1
2023-11-24 00:00:00,O00003016,店铺下单,U00705,否,否,女,家居,83,1,否,0,0,1
2023-11-24 00:00:00,O00003017,店铺下单,U01684,否,否,男,服饰,81,1,否,0,0,0
2023-11-24 00:00:00,O00003018,店铺下单,U00511,否,否,女,数码,77,4,否,0,0,1
2023-11-24 00:00:00,O00003019,店铺下单,U00829,是,否,女,服饰,142,1,否,0,0,1
2023-11-24 00:00:00,O00003020,直播下单,U01669,否,是,女,家居,151,1,否,0,0,1
2023-11-24 00:00:00,O00003021,店铺下单,U01699,是,否,男,服饰,39,1,是,0,0,0
2023-11-24 00:00:00,O00003022,直播下单,U01950,是,否,男,数码,166,1,否,0,0,1
2023-11-24 00:00:00,O00003023,店铺下单,U00975,是,否,男,服饰,42,1,否,0,0,1
2023-11-24 00:00:00,O00003024,店铺下单,U00183,是,否,男,服饰,126,2,否,0,0,1
2023-11-25 00:00:00,O00003025,店铺下单,U00796,是,否,女,家居,64,1,是,0,0,0
2023-11-25 00:00:00,O00003026,店铺下单,U01410,是,是,男,服饰,91,1,是,0,1,1
2023-11-25 00:00:00,O00003027,店铺下单,U00447,是,是,男,服饰,76,1,否,0,0,1
2023-11-25 00:00:00,O00003028,店铺下单,U01071,是,是,男,数码,60,1,是,0,0,1
2023-11-25 00:00:00,O00003029,直播下单,U00608,是,是,女,家居,169,1,否,0,0,0
2023-11-25 00:00:00,O00003030,直播下单,U00427,否,否,女,数码,131,2,否,0,0,1
2023-11-25 00:00:00,O00003031,店铺下单,U01689,否,否,女,数码,137,1,是,0,0,1
2023-11-25 00:00:00,O00003032,直播下单,U00697,否,否,男,服饰,140,1,否,0,0,1
2023-11-25 00:00:00,O00003033,店铺下单,U01587,否,否,女,数码,79,1,否,0,0,0
2023-11-25 00:00:00,O00003034,直播下单,U00025,否,否,男,数码,105,1,否,0,0,1
2023-11-25 00:00:00,O00003035,店铺下单,U01265,否,是,女,家居,199,2,否,0,0,1
2023-11-26 00:00:00,O00003036,直播下单,U01466,否,否,男,数码,92,1,是,0,0,1
2023-11-26 00:00:00,O00003037,直播下单,U01432,否,否,女,家居,132,1,否,0,0,1
2023-11-26 00:00:00,O00003038,直播下单,U01816,是,否,女,数码,190,1,否,0,0,1
2023-11-26 00:00:00,O00003039,直播下单,U01743,是,否,女,数码,160,1,否,0,0,1
2023-11-26 00:00:00,O00003040,直播下单,U00514,是,否,男,数码,69,1,否,0,0,1
2023-11-26 00:00:00,O00003041,直播下单,U00776,是,否,男,食品,182,1,是,0,0,1
2023-11-26 00:00:00,O00003042,直播下单,U00185,否,否,男,数码,122,1,是,0,0,1
2023-11-27 00:00:00,O00003043,直播下单,U01798,否,是,男,食品,159,1,是,0,0,1
2023-11-27 00:00:00,O00003044,店铺下单,U01016,是,否,男,食品,117,4,是,0,0,1
2023-11-27 00:00:00,O00003045,店铺下单,U01181,否,否,女,家居,86,1,否,0,0,1
2023-11-27 00:00:00,O00003046,店铺下单,U01580,否,否,男,服饰,39,1,是,0,0,1
2023-11-27 00:00:00,O00003047,直播下单,U01703,否,否,女,食品,107,1,是,0,0,1
2023-11-27 00:00:00,O00003048,店铺下单,U00775,否,否,男,食品,129,1,是,0,0,1
2023-11-27 00:00:00,O00003049,店铺下单,U00945,是,否,女,数码,59,1,否,0,0,1
2023-11-28 00:00:00,O00003050,店铺下单,U00136,否,否,男,数码,63,1,否,0,1,1
2023-11-28 00:00:00,O00003051,直播下单,U01524,是,否,女,食品,180,4,是,1,0,1
2023-11-28 00:00:00,O00003052,直播下单,U01688,否,否,女,食品,60,1,否,0,0,1
2023-11-28 00:00:00,O00003053,店铺下单,U01792,是,否,女,食品,192,1,否,0,0,1
2023-11-28 00:00:00,O00003054,店铺下单,U00141,否,否,男,服饰,195,1,否,0,0,1
2023-11-28 00:00:00,O00003055,直播下单,U01467,否,否,男,家居,86,1,是,0,0,1
2023-11-28 00:00:00,O00003056,直播下单,U00783,否,否,男,食品,43,2,否,0,0,1
2023-11-28 00:00:00,O00003057,店铺下单,U01577,否,否,女,食品,48,1,否,0,0,1
2023-11-28 00:00:00,O00003058,直播下单,U00501,否,是,男,数码,47,1,否,0,0,1
2023-11-28 00:00:00,O00003059,直播下单,U00297,是,是,女,服饰,104,1,是,0,0,1
2023-11-29 00:00:00,O00003060,直播下单,U01100,否,是,女,食品,184,1,否,0,0,1
2023-11-29 00:00:00,O00003061,店铺下单,U00563,否,是,女,服饰,51,1,否,0,0,1
2023-11-29 00:00:00,O00003062,店铺下单,U00919,是,否,女,家居,188,1,否,0,0,1
2023-11-29 00:00:00,O00003063,直播下单,U01322,否,否,男,服饰,182,1,否,0,0,1
2023-11-29 00:00:00,O00003064,直播下单,U01015,是,否,男,食品,86,1,否,0,0,1
2023-11-29 00:00:00,O00003065,直播下单,U01389,否,否,男,服饰,111,1,否,0,0,0
2023-11-29 00:00:00,O00003066,直播下单,U00659,否,否,女,服饰,49,1,否,0,0,1
2023-11-29 00:00:00,O00003067,店铺下单,U00488,否,否,女,家居,46,1,是,0,0,1
2023-11-29 00:00:00,O00003068,直播下单,U01207,否,否,女,服饰,166,2,否,0,0,0
2023-11-30 00:00:00,O00003069,店铺下单,U00649,否,是,男,数码,161,1,是,0,0,1
2023-11-30 00:00:00,O00003070,店铺下单,U00559,是,是,女,数码,167,1,否,0,0,1
2023-11-30 00:00:00,O00003071,直播下单,U01832,是,否,男,家居,62,1,否,0,0,1
2023-11-30 00:00:00,O00003072,店铺下单,U00125,是,否,女,家居,139,1,否,0,0,0
2023-11-30 00:00:00,O00003073,店铺下单,U01585,是,否,男,家居,190,3,是,0,0,0
2023-11-30 00:00:00,O00003074,店铺下单,U00016,是,是,男,服饰,65,2,否,0,0,1
2023-11-30 00:00:00,O00003075,店铺下单,U00203,否,否,女,数码,111,1,是,0,0,0
2023-11-30 00:00:00,O00003076,店铺下单,U01703,否,否,男,家居,102,1,是,0,0,1
2023-11-30 00:00:00,O00003077,店铺下单,U01006,是,否,女,数码,173,1,否,0,0,0
2023-11-30 00:00:00,O00003078,直播下单,U01212,否,否,女,食品,98,1,是,0,0,1
2023-11-30 00:00:00,O00003079,店铺下单,U01509,否,否,男,食品,69,1,否,0,0,1
2023-11-30 00:00:00,O00003080,直播下单,U01528,否,是,女,服饰,180,1,否,0,0,1
2023-11-30 00:00:00,O00003081,直播下单,U01612,否,否,女,数码,110,1,否,0,0,1
2023-12-01 00:00:00,O00003082,直播下单,U01826,否,否,女,服饰,137,1,否,0,0,0
2023-12-01 00:00:00,O00003083,店铺下单,U00012,否,否,女,家居,84,2,否,0,1,1
2023-12-01 00:00:00,O00003084,店铺下单,U01455,是,是,男,服饰,112,1,是,0,0,1
2023-12-01 00:00:00,O00003085,直播下单,U00835,否,是,女,服饰,169,1,是,0,0,1
2023-12-01 00:00:00,O00003086,店铺下单,U00767,否,否,女,服饰,72,1,否,0,0,0
2023-12-01 00:00:00,O00003087,店铺下单,U00250,否,是,男,服饰,66,2,是,0,0,1
2023-12-02 00:00:00,O00003088,直播下单,U00665,否,否,女,服饰,58,1,否,0,0,1
2023-12-02 00:00:00,O00003089,店铺下单,U00346,否,否,男,服饰,71,1,否,0,0,1
2023-12-02 00:00:00,O00003090,直播下单,U00852,否,否,女,家居,108,1,是,0,0,0
2023-12-02 00:00:00,O00003091,店铺下单,U01525,否,否,女,家居,94,1,否,0,1,1
2023-12-02 00:00:00,O00003092,直播下单,U01814,是,是,男,家居,133,2,是,0,0,1
2023-12-02 00:00:00,O00003093,直播下单,U00304,否,是,女,家居,124,2,是,0,0,1
2023-12-03 00:00:00,O00003094,直播下单,U01882,否,否,男,数码,39,1,是,0,0,1
2023-12-03 00:00:00,O00003095,直播下单,U01278,否,否,女,食品,62,1,否,0,0,1
2023-12-03 00:00:00,O00003096,直播下单,U01211,否,否,男,数码,179,1,否,0,0,1
2023-12-03 00:00:00,O00003097,店铺下单,U01585,否,否,女,数码,106,1,是,0,0,1
2023-12-03 00:00:00,O00003098,直播下单,U00247,否,否,男,数码,90,3,是,0,0,1
2023-12-03 00:00:00,O00003099,直播下单,U01616,否,否,女,服饰,114,1,否,0,0,1
2023-12-03 00:00:00,O00003100,直播下单,U01065,否,否,女,数码,164,1,否,0,0,1
2023-12-03 00:00:00,O00003101,店铺下单,U00710,否,是,女,服饰,141,2,否,0,0,1
2023-12-03 00:00:00,O00003102,直播下单,U00727,否,否,男,家居,168,1,否,0,0,1
2023-12-03 00:00:00,O00003103,直播下单,U01530,否,否,男,家居,87,1,是,0,0,1
2023-12-04 00:00:00,O00003104,直播下单,U00483,否,否,男,家居,131,3,是,0,0,0
2023-12-04 00:00:00,O00003105,店铺下单,U00793,是,否,女,数码,180,1,否,0,0,0
2023-12-04 00:00:00,O00003106,直播下单,U00609,是,否,男,服饰,97,2,是,0,0,0
2023-12-04 00:00:00,O00003107,直播下单,U01668,否,否,男,食品,181,1,否,0,0,1
2023-12-04 00:00:00,O00003108,直播下单,U00252,是,否,男,食品,149,2,是,0,0,0
2023-12-04 00:00:00,O00003109,直播下单,U01792,否,否,女,数码,68,1,否,0,0,1
2023-12-04 00:00:00,O00003110,直播下单,U00395,是,否,女,家居,115,1,否,0,0,1
2023-12-04 00:00:00,O00003111,直播下单,U00412,否,否,男,服饰,53,1,否,0,0,1
2023-12-05 00:00:00,O00003112,直播下单,U00627,是,是,男,服饰,87,1,是,0,1,1
2023-12-05 00:00:00,O00003113,店铺下单,U00836,否,否,女,家居,90,1,否,0,0,1
2023-12-05 00:00:00,O00003114,店铺下单,U01741,否,否,女,服饰,120,1,否,0,0,1
2023-12-05 00:00:00,O00003115,店铺下单,U00804,否,否,女,家居,75,2,是,0,0,0
2023-12-05 00:00:00,O00003116,直播下单,U00370,是,否,男,服饰,167,1,是,0,0,1
2023-12-05 00:00:00,O00003117,店铺下单,U01021,否,否,女,家居,109,4,否,0,0,0
2023-12-05 00:00:00,O00003118,直播下单,U01750,否,是,女,食品,180,2,是,0,0,1
2023-12-05 00:00:00,O00003119,店铺下单,U01579,否,是,女,家居,139,1,是,0,0,1
2023-12-05 00:00:00,O00003120,店铺下单,U01505,否,否,男,数码,41,4,否,0,0,1
2023-12-05 00:00:00,O00003121,店铺下单,U00191,否,否,男,数码,110,1,否,1,0,1
2023-12-05 00:00:00,O00003122,店铺下单,U00773,否,否,男,服饰,156,1,否,0,1,1
2023-12-06 00:00:00,O00003123,店铺下单,U00583,否,否,女,数码,119,1,否,0,1,0
2023-12-06 00:00:00,O00003124,直播下单,U00931,否,否,男,数码,122,1,否,0,0,1
2023-12-06 00:00:00,O00003125,店铺下单,U00319,否,否,男,食品,71,1,否,0,0,1
2023-12-06 00:00:00,O00003126,店铺下单,U00610,是,否,女,数码,60,1,否,0,0,1
2023-12-07 00:00:00,O00003127,直播下单,U01063,否,是,女,数码,177,1,否,0,0,0
2023-12-07 00:00:00,O00003128,直播下单,U00403,否,是,女,食品,53,1,是,0,0,1
2023-12-07 00:00:00,O00003129,直播下单,U00246,否,否,男,数码,99,3,是,0,0,1
2023-12-07 00:00:00,O00003130,直播下单,U00876,否,否,男,食品,58,4,否,0,0,0
2023-12-07 00:00:00,O00003131,直播下单,U00034,是,是,男,服饰,116,1,是,0,0,1
2023-12-08 00:00:00,O00003132,直播下单,U01729,否,是,男,数码,89,1,是,0,0,1
2023-12-08 00:00:00,O00003133,店铺下单,U01892,否,是,女,食品,92,1,是,0,0,0
2023-12-08 00:00:00,O00003134,直播下单,U01110,是,否,女,家居,162,1,否,0,0,1
2023-12-08 00:00:00,O00003135,店铺下单,U01731,是,否,女,数码,130,1,否,0,0,1
2023-12-08 00:00:00,O00003136,直播下单,U00113,否,否,女,数码,175,1,是,0,0,1
2023-12-08 00:00:00,O00003137,店铺下单,U00713,是,否,女,服饰,186,1,否,0,0,1
2023-12-08 00:00:00,O00003138,直播下单,U00049,是,否,女,数码,91,1,是,0,0,1
2023-12-08 00:00:00,O00003139,直播下单,U00192,否,是,男,数码,159,1,是,0,0,1
2023-12-08 00:00:00,O00003140,店铺下单,U01455,否,否,女,家居,70,1,是,0,0,1
2023-12-09 00:00:00,O00003141,直播下单,U00791,是,否,女,服饰,103,2,是,0,0,1
2023-12-09 00:00:00,O00003142,店铺下单,U00451,是,是,男,家居,82,1,否,0,0,1
2023-12-09 00:00:00,O00003143,直播下单,U01595,否,是,女,食品,140,1,否,0,0,0
2023-12-09 00:00:00,O00003144,直播下单,U01115,是,否,女,食品,100,1,是,0,0,1
2023-12-09 00:00:00,O00003145,直播下单,U01475,是,否,男,数码,94,1,是,0,0,0
2023-12-10 00:00:00,O00003146,店铺下单,U00658,是,是,男,服饰,155,1,否,0,0,1
2023-12-10 00:00:00,O00003147,直播下单,U00360,否,是,男,食品,84,1,是,0,0,0
2023-12-10 00:00:00,O00003148,店铺下单,U01737,否,否,女,数码,124,1,否,0,0,0
2023-12-10 00:00:00,O00003149,店铺下单,U00864,否,否,女,家居,107,1,否,0,0,1
2023-12-10 00:00:00,O00003150,店铺下单,U00733,是,是,男,服饰,39,1,是,0,0,1
2023-12-10 00:00:00,O00003151,店铺下单,U01417,否,否,男,食品,50,1,否,0,0,1
2023-12-10 00:00:00,O00003152,店铺下单,U01404,否,否,女,服饰,138,1,否,0,0,0
2023-12-10 00:00:00,O00003153,店铺下单,U00348,否,否,女,服饰,67,1,是,0,0,0
2023-12-10 00:00:00,O00003154,店铺下单,U00001,否,否,女,食品,55,1,否,0,0,0
2023-12-10 00:00:00,O00003155,店铺下单,U00893,否,否,女,家居,74,1,否,0,0,1
2023-12-10 00:00:00,O00003156,直播下单,U00670,否,否,女,服饰,141,1,是,0,0,1
2023-12-11 00:00:00,O00003157,店铺下单,U00783,否,否,女,服饰,53,1,否,0,0,0
2023-12-11 00:00:00,O00003158,直播下单,U01912,否,否,男,服饰,105,1,是,0,0,0
2023-12-11 00:00:00,O00003159,直播下单,U00610,否,否,女,家居,48,1,否,0,0,1
2023-12-11 00:00:00,O00003160,直播下单,U01881,否,是,男,家居,40,1,否,0,0,1
2023-12-11 00:00:00,O00003161,直播下单,U01483,否,是,男,服饰,171,1,否,0,0,1
2023-12-11 00:00:00,O00003162,店铺下单,U00729,是,否,女,数码,42,1,是,0,0,1
2023-12-11 00:00:00,O00003163,店铺下单,U01399,是,是,女,数码,187,1,否,0,0,1
2023-12-11 00:00:00,O00003164,店铺下单,U01716,否,否,女,数码,169,1,否,0,0,1
2023-12-11 00:00:00,O00003165,直播下单,U00188,是,否,女,数码,39,1,否,0,0,0
2023-12-11 00:00:00,O00003166,直播下单,U01901,是,否,男,数码,132,1,否,0,0,1
2023-12-11 00:00:00,O00003167,直播下单,U00844,否,否,男,服饰,63,1,否,0,0,0
2023-12-11 00:00:00,O00003168,店铺下单,U00103,是,否,男,服饰,147,4,否,0,0,1
2023-12-11 00:00:00,O00003169,店铺下单,U00719,否,否,女,家居,85,1,是,0,0,1
2023-12-11 00:00:00,O00003170,直播下单,U01751,否,否,女,数码,151,1,否,0,0,1
2023-12-12 00:00:00,O00003171,直播下单,U00003,否,否,男,服饰,153,1,否,0,0,1
2023-12-12 00:00:00,O00003172,店铺下单,U00751,否,否,男,数码,93,1,否,0,0,0
2023-12-12 00:00:00,O00003173,直播下单,U01308,是,否,女,家居,173,2,是,0,0,1
2023-12-12 00:00:00,O00003174,直播下单,U00668,否,是,男,食品,179,1,否,0,0,1
2023-12-12 00:00:00,O00003175,店铺下单,U00944,否,是,女,食品,91,1,是,0,0,1
2023-12-12 00:00:00,O00003176,直播下单,U00504,是,否,女,服饰,191,1,是,0,1,1
2023-12-12 00:00:00,O00003177,店铺下单,U01920,否,是,男,服饰,122,1,是,0,0,0
2023-12-13 00:00:00,O00003178,店铺下单,U01350,是,否,男,数码,133,1,是,1,0,1
2023-12-13 00:00:00,O00003179,直播下单,U01536,是,是,女,数码,84,1,否,0,0,1
2023-12-13 00:00:00,O00003180,直播下单,U00905,否,否,男,家居,185,1,否,0,0,1
2023-12-13 00:00:00,O00003181,店铺下单,U00272,是,是,女,数码,92,2,是,0,0,1
2023-12-13 00:00:00,O00003182,直播下单,U00405,否,否,男,数码,67,1,否,0,0,1
2023-12-13 00:00:00,O00003183,直播下单,U00570,否,是,男,服饰,100,1,否,0,0,1
2023-12-13 00:00:00,O00003184,直播下单,U01270,否,否,女,家居,198,1,否,0,0,1
2023-12-14 00:00:00,O00003185,店铺下单,U01682,否,否,女,服饰,78,1,是,0,0,1
2023-12-14 00:00:00,O00003186,店铺下单,U01753,否,否,男,数码,161,1,否,1,0,1
2023-12-14 00:00:00,O00003187,直播下单,U01174,否,是,女,家居,186,1,是,0,0,0
2023-12-14 00:00:00,O00003188,店铺下单,U01921,否,否,男,食品,195,1,否,0,0,0
2023-12-14 00:00:00,O00003189,直播下单,U01946,否,否,女,数码,134,1,是,0,0,1
2023-12-14 00:00:00,O00003190,店铺下单,U00551,是,否,女,家居,190,1,是,0,0,1
2023-12-14 00:00:00,O00003191,直播下单,U01367,否,否,男,食品,154,1,否,0,0,1
2023-12-14 00:00:00,O00003192,店铺下单,U01415,否,否,男,家居,145,1,否,0,0,1
2023-12-15 00:00:00,O00003193,店铺下单,U01968,否,否,女,服饰,116,1,否,0,0,1
2023-12-15 00:00:00,O00003194,直播下单,U00063,否,否,女,食品,190,1,是,0,0,1
2023-12-15 00:00:00,O00003195,直播下单,U01435,否,否,女,服饰,176,1,是,0,0,1
2023-12-15 00:00:00,O00003196,店铺下单,U01676,是,否,男,数码,46,3,是,0,0,1
2023-12-15 00:00:00,O00003197,直播下单,U00363,否,否,女,数码,179,1,否,0,0,1
2023-12-15 00:00:00,O00003198,店铺下单,U00134,否,否,男,食品,63,2,否,0,0,1
2023-12-15 00:00:00,O00003199,直播下单,U01782,是,否,男,服饰,97,1,否,0,0,0
2023-12-15 00:00:00,O00003200,直播下单,U01598,是,是,男,数码,59,1,否,1,0,1
2023-12-15 00:00:00,O00003201,直播下单,U01894,否,否,女,数码,116,1,否,0,1,1
2023-12-15 00:00:00,O00003202,直播下单,U01008,是,否,女,服饰,163,2,否,0,0,0
2023-12-15 00:00:00,O00003203,店铺下单,U00513,是,否,女,数码,108,1,否,0,1,1
2023-12-16 00:00:00,O00003204,店铺下单,U00001,否,否,女,服饰,191,1,是,0,0,1
2023-12-16 00:00:00,O00003205,直播下单,U00786,否,是,男,家居,41,2,否,0,0,1
2023-12-16 00:00:00,O00003206,直播下单,U01297,否,是,女,数码,90,1,否,0,0,1
2023-12-16 00:00:00,O00003207,店铺下单,U00700,否,是,女,数码,39,1,否,0,0,1
2023-12-16 00:00:00,O00003208,店铺下单,U00191,否,否,男,家居,72,1,否,0,0,0
2023-12-16 00:00:00,O00003209,店铺下单,U00985,否,否,男,食品,71,3,否,0,0,1
2023-12-16 00:00:00,O00003210,店铺下单,U00640,是,否,女,服饰,111,1,是,0,0,1
2023-12-16 00:00:00,O00003211,直播下单,U01152,否,否,女,服饰,180,1,否,0,0,1
2023-12-16 00:00:00,O00003212,店铺下单,U01959,否,否,女,服饰,118,1,是,0,0,1
2023-12-16 00:00:00,O00003213,直播下单,U01443,否,否,男,家居,141,1,是,0,0,1
2023-12-16 00:00:00,O00003214,直播下单,U01816,否,否,女,家居,57,1,否,0,0,1
2023-12-16 00:00:00,O00003215,店铺下单,U00034,否,否,女,数码,67,1,否,0,0,1
2023-12-16 00:00:00,O00003216,店铺下单,U00345,是,否,女,家居,104,1,是,0,0,1
2023-12-16 00:00:00,O00003217,直播下单,U00985,是,否,女,食品,67,2,否,0,0,1
2023-12-16 00:00:00,O00003218,店铺下单,U00204,是,是,女,食品,81,1,否,0,0,1
2023-12-16 00:00:00,O00003219,店铺下单,U00202,是,否,女,服饰,139,1,是,0,0,1
2023-12-17 00:00:00,O00003220,店铺下单,U00430,是,否,女,家居,184,1,否,0,0,1
2023-12-17 00:00:00,O00003221,直播下单,U01602,否,否,男,家居,176,2,否,1,0,1
2023-12-17 00:00:00,O00003222,店铺下单,U00658,是,否,女,数码,164,1,否,0,0,1
2023-12-17 00:00:00,O00003223,店铺下单,U01664,否,否,女,家居,195,2,否,0,0,1
2023-12-17 00:00:00,O00003224,直播下单,U00172,否,是,女,家居,183,1,否,0,0,1
2023-12-17 00:00:00,O00003225,直播下单,U01739,否,否,女,数码,106,1,否,0,0,1
2023-12-17 00:00:00,O00003226,店铺下单,U00643,是,否,女,家居,63,2,是,0,0,0
2023-12-17 00:00:00,O00003227,店铺下单,U00816,否,否,男,服饰,187,1,是,0,0,1
2023-12-17 00:00:00,O00003228,店铺下单,U01949,否,否,女,服饰,105,3,否,0,0,1
2023-12-17 00:00:00,O00003229,直播下单,U01180,否,是,女,服饰,177,1,是,0,0,1
2023-12-18 00:00:00,O00003230,店铺下单,U01973,否,否,男,食品,181,1,是,0,0,1
2023-12-18 00:00:00,O00003231,店铺下单,U00211,是,否,女,数码,116,1,是,0,0,1
2023-12-18 00:00:00,O00003232,直播下单,U00030,是,是,女,数码,195,1,否,0,0,1
2023-12-18 00:00:00,O00003233,直播下单,U00946,否,否,女,食品,199,1,否,0,0,1
2023-12-18 00:00:00,O00003234,店铺下单,U00627,否,否,男,食品,90,1,是,0,0,0
2023-12-18 00:00:00,O00003235,直播下单,U00010,是,否,男,家居,92,1,否,0,0,1
2023-12-18 00:00:00,O00003236,店铺下单,U00047,否,否,男,服饰,126,1,是,0,0,1
2023-12-18 00:00:00,O00003237,店铺下单,U00156,否,否,男,数码,142,1,是,0,0,1
2023-12-18 00:00:00,O00003238,直播下单,U00260,否,否,男,数码,77,1,否,0,0,1
2023-12-18 00:00:00,O00003239,直播下单,U01617,否,否,男,数码,90,1,是,0,0,0
2023-12-18 00:00:00,O00003240,店铺下单,U01200,是,是,女,数码,167,1,否,0,0,0
2023-12-19 00:00:00,O00003241,直播下单,U01414,否,是,女,服饰,192,1,是,0,0,1
2023-12-19 00:00:00,O00003242,店铺下单,U00414,否,是,女,数码,142,1,是,0,0,1
2023-12-20 00:00:00,O00003243,直播下单,U01331,否,否,男,服饰,83,2,是,0,0,1
2023-12-20 00:00:00,O00003244,店铺下单,U00136,否,是,女,食品,90,1,否,0,0,1
2023-12-20 00:00:00,O00003245,店铺下单,U01494,是,是,女,家居,136,1,否,1,0,1
2023-12-20 00:00:00,O00003246,店铺下单,U00115,否,否,女,数码,80,1,否,0,0,0
2023-12-20 00:00:00,O00003247,店铺下单,U01645,否,否,男,数码,158,2,是,0,0,1
2023-12-20 00:00:00,O00003248,店铺下单,U00155,否,否,男,食品,171,1,否,0,0,1
2023-12-20 00:00:00,O00003249,店铺下单,U01937,否,是,女,服饰,150,1,是,0,0,1
2023-12-20 00:00:00,O00003250,直播下单,U01075,否,否,女,服饰,82,1,是,0,0,1
2023-12-20 00:00:00,O00003251,直播下单,U01782,否,是,女,数码,137,1,是,0,0,1
2023-12-20 00:00:00,O00003252,店铺下单,U00663,否,是,女,服饰,67,1,否,0,0,0
2023-12-20 00:00:00,O00003253,直播下单,U01362,是,否,女,服饰,67,2,否,0,0,1
2023-12-20 00:00:00,O00003254,直播下单,U01032,否,否,男,服饰,100,1,否,0,0,1
2023-12-21 00:00:00,O00003255,直播下单,U00012,是,否,女,服饰,180,4,否,0,0,1
2023-12-21 00:00:00,O00003256,店铺下单,U00555,是,否,男,家居,129,1,否,0,0,1
2023-12-21 00:00:00,O00003257,直播下单,U00863,是,否,男,服饰,120,2,是,0,0,1
2023-12-21 00:00:00,O00003258,店铺下单,U00412,否,否,女,数码,101,2,否,0,0,1
2023-12-21 00:00:00,O00003259,直播下单,U00450,是,是,女,服饰,152,1,否,0,0,1
2023-12-22 00:00:00,O00003260,直播下单,U00562,否,否,男,家居,154,2,否,0,0,1
2023-12-22 00:00:00,O00003261,店铺下单,U00658,是,否,女,服饰,174,1,否,0,0,1
2023-12-22 00:00:00,O00003262,店铺下单,U01250,是,否,男,数码,46,1,否,0,0,1
2023-12-22 00:00:00,O00003263,店铺下单,U00863,否,是,女,食品,53,1,是,0,0,1
2023-12-22 00:00:00,O00003264,店铺下单,U01706,是,否,女,家居,186,1,否,0,0,1
2023-12-23 00:00:00,O00003265,店铺下单,U00231,是,否,男,数码,75,4,是,0,0,1
2023-12-23 00:00:00,O00003266,直播下单,U00247,是,否,女,数码,166,1,是,0,0,1
2023-12-23 00:00:00,O00003267,店铺下单,U00210,是,是,男,数码,50,1,否,0,0,1
2023-12-23 00:00:00,O00003268,直播下单,U00188,是,否,男,服饰,43,1,是,0,0,1
2023-12-23 00:00:00,O00003269,直播下单,U01186,否,否,男,食品,57,1,否,0,0,1
2023-12-23 00:00:00,O00003270,店铺下单,U01659,否,否,女,服饰,71,1,是,0,0,1
2023-12-24 00:00:00,O00003271,店铺下单,U01244,否,是,女,家居,116,3,否,0,0,1
2023-12-24 00:00:00,O00003272,直播下单,U00643,否,否,女,数码,47,1,否,0,0,1
2023-12-24 00:00:00,O00003273,直播下单,U00699,否,否,男,服饰,112,1,否,0,0,1
2023-12-24 00:00:00,O00003274,直播下单,U01210,是,否,女,服饰,72,1,是,0,0,1
2023-12-24 00:00:00,O00003275,直播下单,U01895,否,否,女,服饰,66,1,是,0,0,0
2023-12-24 00:00:00,O00003276,店铺下单,U00639,否,否,男,数码,168,1,是,0,0,1
2023-12-24 00:00:00,O00003277,直播下单,U01637,否,否,女,家居,142,2,否,0,0,0
2023-12-24 00:00:00,O00003278,直播下单,U00267,是,否,男,食品,57,4,否,0,1,1
2023-12-24 00:00:00,O00003279,直播下单,U01521,否,否,女,家居,47,1,是,0,0,1
2023-12-24 00:00:00,O00003280,店铺下单,U00115,否,否,男,数码,103,2,否,0,0,1
2023-12-25 00:00:00,O00003281,直播下单,U00871,是,是,女,食品,163,1,否,0,0,1
2023-12-25 00:00:00,O00003282,直播下单,U01328,是,否,女,数码,54,1,是,0,0,0
2023-12-25 00:00:00,O00003283,店铺下单,U00428,否,是,女,食品,54,1,否,0,0,1
2023-12-25 00:00:00,O00003284,直播下单,U00711,否,否,男,数码,188,1,否,0,0,1
2023-12-25 00:00:00,O00003285,直播下单,U01197,否,否,女,服饰,147,1,是,0,0,1
2023-12-25 00:00:00,O00003286,直播下单,U01378,是,否,男,食品,51,3,否,0,0,1
2023-12-25 00:00:00,O00003287,直播下单,U01333,否,否,女,食品,130,1,是,0,0,0
2023-12-25 00:00:00,O00003288,店铺下单,U01387,否,否,女,服饰,154,3,否,0,0,1
2023-12-25 00:00:00,O00003289,店铺下单,U01458,否,是,女,家居,93,1,是,0,0,1
2023-12-25 00:00:00,O00003290,店铺下单,U01547,否,否,女,家居,125,1,是,0,0,1
2023-12-25 00:00:00,O00003291,店铺下单,U00931,否,否,男,数码,85,1,是,0,0,1
2023-12-25 00:00:00,O00003292,店铺下单,U00023,是,否,女,数码,72,2,是,0,0,1
2023-12-25 00:00:00,O00003293,直播下单,U00291,否,是,男,家居,119,1,是,0,0,1
2023-12-25 00:00:00,O00003294,店铺下单,U00822,否,否,女,服饰,108,1,是,1,0,1
2023-12-25 00:00:00,O00003295,店铺下单,U01060,否,是,女,数码,139,1,是,0,0,0
2023-12-25 00:00:00,O00003296,店铺下单,U00317,是,否,男,食品,170,1,是,0,1,0
2023-12-26 00:00:00,O00003297,店铺下单,U00809,否,否,男,数码,132,1,否,0,0,1
2023-12-26 00:00:00,O00003298,直播下单,U01118,是,否,女,服饰,67,1,是,0,0,1
2023-12-26 00:00:00,O00003299,店铺下单,U01314,否,否,男,食品,115,1,是,0,0,1
2023-12-26 00:00:00,O00003300,直播下单,U00179,否,是,男,数码,156,1,否,0,0,0
2023-12-26 00:00:00,O00003301,直播下单,U00486,是,是,男,家居,194,1,否,0,0,1
2023-12-26 00:00:00,O00003302,直播下单,U01170,否,否,女,家居,116,2,是,0,0,1
2023-12-26 00:00:00,O00003303,店铺下单,U01512,否,是,男,服饰,187,1,否,0,0,1
2023-12-26 00:00:00,O00003304,店铺下单,U01685,否,否,女,家居,44,1,否,0,0,1
2023-12-27 00:00:00,O00003305,店铺下单,U01694,否,否,男,食品,46,2,否,1,0,1
2023-12-27 00:00:00,O00003306,店铺下单,U00636,否,否,男,数码,153,1,是,0,0,1
2023-12-27 00:00:00,O00003307,店铺下单,U00727,是,是,女,服饰,75,1,是,0,0,0
2023-12-27 00:00:00,O00003308,直播下单,U00141,否,否,女,数码,41,1,否,0,0,0
2023-12-27 00:00:00,O00003309,直播下单,U01990,否,否,男,家居,61,1,是,0,0,1
2023-12-27 00:00:00,O00003310,直播下单,U00842,否,否,男,家居,73,1,否,1,0,1
2023-12-27 00:00:00,O00003311,店铺下单,U01798,否,否,女,服饰,40,2,是,0,0,1
2023-12-27 00:00:00,O00003312,直播下单,U00837,是,否,男,服饰,59,1,否,0,0,1
2023-12-27 00:00:00,O00003313,店铺下单,U00365,否,否,男,数码,151,1,否,0,0,1
2023-12-27 00:00:00,O00003314,直播下单,U01512,否,否,女,家居,186,1,否,0,0,1
2023-12-27 00:00:00,O00003315,店铺下单,U01133,否,否,女,服饰,88,1,否,0,0,0
2023-12-27 00:00:00,O00003316,店铺下单,U00215,否,否,男,服饰,191,1,否,0,0,1
2023-12-27 00:00:00,O00003317,店铺下单,U01382,否,是,男,数码,42,1,是,0,0,0
2023-12-27 00:00:00,O00003318,店铺下单,U01647,是,否,女,家居,85,1,是,0,0,0
2023-12-27 00:00:00,O00003319,店铺下单,U01264,否,否,女,家居,112,1,是,0,0,0
2023-12-28 00:00:00,O00003320,直播下单,U00418,是,否,男,数码,165,1,否,0,0,1
2023-12-28 00:00:00,O00003321,店铺下单,U01131,是,否,男,服饰,63,1,否,0,0,1
2023-12-28 00:00:00,O00003322,直播下单,U01252,否,否,女,服饰,80,1,否,0,0,1
2023-12-29 00:00:00,O00003323,直播下单,U01076,否,是,女,家居,132,1,是,0,0,1
2023-12-29 00:00:00,O00003324,店铺下单,U01169,否,否,女,家居,63,1,否,1,0,1
2023-12-29 00:00:00,O00003325,店铺下单,U01924,是,否,女,家居,164,1,是,0,0,1
2023-12-29 00:00:00,O00003326,直播下单,U01239,否,否,女,服饰,177,1,否,0,0,0
2023-12-29 00:00:00,O00003327,直播下单,U00499,否,否,女,食品,117,2,否,0,0,1
2023-12-29 00:00:00,O00003328,店铺下单,U01525,否,否,女,数码,135,3,否,0,0,1
2023-12-29 00:00:00,O00003329,直播下单,U00995,否,否,男,服饰,58,1,是,0,0,1
2023-12-30 00:00:00,O00003330,店铺下单,U00197,否,否,男,食品,112,3,否,0,1,1
2023-12-30 00:00:00,O00003331,店铺下单,U00932,否,否,女,服饰,52,1,否,0,0,0
2023-12-30 00:00:00,O00003332,店铺下单,U01743,是,否,男,数码,194,1,否,0,0,1
2023-12-30 00:00:00,O00003333,直播下单,U00099,否,否,女,数码,153,4,否,0,1,1
2023-12-30 00:00:00,O00003334,店铺下单,U01862,否,是,男,家居,114,1,否,0,0,0
2023-12-30 00:00:00,O00003335,直播下单,U00104,否,否,女,家居,56,1,是,0,0,1
2023-12-30 00:00:00,O00003336,店铺下单,U00969,是,是,男,家居,180,1,是,1,1,0
2023-12-30 00:00:00,O00003337,店铺下单,U01221,否,否,男,食品,46,1,否,0,0,1
2023-12-30 00:00:00,O00003338,店铺下单,U01081,否,否,男,数码,103,4,是,0,0,1
2023-12-30 00:00:00,O00003339,直播下单,U01529,否,否,男,数码,198,2,否,0,0,1
2023-12-30 00:00:00,O00003340,店铺下单,U00048,是,否,女,食品,57,1,是,0,0,1
2023-12-31 00:00:00,O00003341,店铺下单,U01323,否,否,女,服饰,85,1,否,0,0,1
2023-12-31 00:00:00,O00003342,店铺下单,U00658,是,是,女,数码,96,1,是,0,0,1
2023-12-31 00:00:00,O00003343,直播下单,U01360,否,是,男,数码,49,1,否,0,0,0
2023-12-31 00:00:00,O00003344,店铺下单,U00103,否,否,女,数码,71,1,否,0,0,1
2023-12-31 00:00:00,O00003345,直播下单,U00376,否,否,男,数码,72,1,是,0,0,1
2023-12-31 00:00:00,O00003346,店铺下单,U01300,是,是,女,服饰,190,1,否,0,0,1
2023-12-31 00:00:00,O00003347,店铺下单,U00698,否,否,男,食品,42,1,否,0,0,1
2023-12-31 00:00:00,O00003348,店铺下单,U01980,是,是,女,服饰,135,3,否,0,0,1
2023-12-31 00:00:00,O00003349,店铺下单,U00088,否,否,男,家居,182,2,否,0,1,1
2023-12-31 00:00:00,O00003350,店铺下单,U00116,否,否,男,家居,72,1,是,0,0,1
2023-12-31 00:00:00,O00003351,店铺下单,U01372,是,否,女,数码,85,1,是,0,0,1
2023-12-31 00:00:00,O00003352,直播下单,U00507,是,否,女,数码,93,1,是,0,0,0
2023-12-31 00:00:00,O00003353,店铺下单,U00572,否,否,男,食品,165,1,否,0,0,0
2023-12-31 00:00:00,O00003354,直播下单,U00738,否,否,男,服饰,48,1,否,0,0,1
